,id_ov,cod_ov,data
0,0,3826000006.0,19
1,1,3826000005.0,19
2,2,3825000015.0,19
3,3,3823000515.0,36
4,4,3823000514.0,19
5,5,3823000513.0,31
6,6,3823000513.0,19
7,7,3823000512.0,1
8,8,3823000512.0,19
9,9,3823000511.0,1
10,10,3823000511.0,19
11,11,3823000510.0,1
12,12,3823000510.0,19
13,13,3823000509.0,1
14,14,3823000509.0,19
15,15,3823000508.0,20
16,16,3823000508.0,19
17,17,3823000507.0,20
18,18,3823000507.0,19
19,19,3823000504.0,21
20,20,3823000504.0,19
21,21,3823000481.0,19
22,22,3823000433.0,19
23,23,3823000424.0,19
24,24,3823000419.0,19
25,25,3823000379.0,19
26,26,3823000366.0,19
27,27,3823000341.0,19
28,28,3823000332.0,19
29,29,3823000328.0,19
30,30,3823000325.0,19
31,31,3823000323.0,19
32,32,3823000321.0,19
33,33,3823000319.0,19
34,34,3823000296.0,19
35,35,3823000271.0,19
36,36,3823000269.0,19
37,37,3823000225.0,19
38,38,3820011233.0,19
39,39,3820011232.0,21
40,40,3820011231.0,19
41,41,3820011230.0,29
42,42,3820011230.0,19
43,43,3820011229.0,1
44,44,3820011229.0,19
45,45,3820011228.0,31
46,46,3820011228.0,19
47,47,3820011220.0,20
48,48,3820011220.0,19
49,49,3820011214.0,25
50,50,3820011214.0,19
51,51,3820011212.0,21
52,52,3820011212.0,19
53,53,3820011209.0,21
54,54,3820011209.0,19
55,55,3820011207.0,14
56,56,3820011207.0,19
57,57,3820011206.0,31
58,58,3820011206.0,19
59,59,3820011205.0,5
60,60,3820011205.0,19
61,61,3820011204.0,21
62,62,3820011204.0,19
63,63,3820011203.0,25
64,64,3820011203.0,19
65,65,3820011202.0,1
66,66,3820011202.0,19
67,67,3820011201.0,19
68,68,3820011200.0,25
69,69,3820011200.0,19
70,70,3820011199.0,29
71,71,3820011199.0,19
72,72,3820011198.0,26
73,73,3820011198.0,19
74,74,3820011197.0,24
75,75,3820011197.0,19
76,76,3820011196.0,1
77,77,3820011196.0,19
78,78,3820011194.0,19
79,79,3820011193.0,30
80,80,3820011193.0,19
81,81,3820011192.0,19
82,82,3820011190.0,21
83,83,3820011190.0,19
84,84,3820011189.0,31
85,85,3820011189.0,19
86,86,3820011188.0,5
87,87,3820011188.0,19
88,88,3820011187.0,19
89,89,3820011186.0,1
90,90,3820011186.0,19
91,91,3820011184.0,21
92,92,3820011184.0,19
93,93,3820011182.0,24
94,94,3820011182.0,19
95,95,3820011173.0,21
96,96,3820011173.0,19
97,97,3820011171.0,33
98,98,3820011171.0,19
99,99,3820011170.0,25
100,100,3820011170.0,19
101,101,3820011169.0,49
102,102,3820011169.0,19
103,103,3820011168.0,32
104,104,3820011168.0,19
105,105,3820011167.0,33
106,106,3820011167.0,19
107,107,3820011166.0,37
108,108,3820011166.0,19
109,109,3820011165.0,1
110,110,3820011165.0,19
111,111,3820011164.0,34
112,112,3820011164.0,19
113,113,3820011163.0,38
114,114,3820011163.0,19
115,115,3820011162.0,29
116,116,3820011162.0,19
117,117,3820011161.0,19
118,118,3820011160.0,26
119,119,3820011160.0,19
120,120,3820011159.0,21
121,121,3820011159.0,19
122,122,3820011158.0,21
123,123,3820011158.0,19
124,124,3820011157.0,19
125,125,3820011153.0,35
126,126,3820011153.0,19
127,127,3820011152.0,20
128,128,3820011152.0,19
129,129,3820011151.0,19
130,130,3820011149.0,19
131,131,3820011148.0,19
132,132,3820011147.0,19
133,133,3820011119.0,20
134,134,3820011119.0,19
135,135,3820011118.0,20
136,136,3820011118.0,19
137,137,3820011116.0,19
138,138,3820011114.0,21
139,139,3820011114.0,19
140,140,3820011113.0,19
141,141,3820011108.0,19
142,142,3820011097.0,19
143,143,3820011077.0,1
144,144,3820011077.0,19
145,145,3820011057.0,19
146,146,3820011055.0,24
147,147,3820011055.0,19
148,148,3820011050.0,19
149,149,3820011029.0,6
150,150,3820011029.0,19
151,151,3820011028.0,29
152,152,3820011028.0,19
153,153,3820011016.0,19
154,154,3820010998.0,21
155,155,3820010998.0,19
156,156,3820010976.0,19
157,157,3820010965.0,19
158,158,3820010902.0,19
159,159,3820010901.0,24
160,160,3820010901.0,19
161,161,3820010857.0,19
162,162,3820010824.0,19
163,163,3820010799.0,19
164,164,3820010793.0,19
165,165,3820010739.0,19
166,166,3820010735.0,19
167,167,3820010731.0,19
168,168,3820010729.0,19
169,169,3820010721.0,19
170,170,3820010713.0,24
171,171,3820010713.0,19
172,172,3820010525.0,19
173,173,3820010484.0,19
174,174,3820010473.0,48
175,175,3820010473.0,19
176,176,3820010467.0,19
177,177,3820010357.0,19
178,178,3820010285.0,19
179,179,3820010266.0,19
180,180,3820010237.0,19
181,181,3820010234.0,19
182,182,3820009989.0,19
183,183,3820009816.0,19
184,184,3820009753.0,19
185,185,3820009716.0,19
186,186,3820009671.0,19
187,187,3820009655.0,19
188,188,3820009632.0,19
189,189,3820009600.0,19
190,190,3820009519.0,19
191,191,3820009480.0,19
192,192,3820009476.0,19
193,193,3820009438.0,19
194,194,3820009301.0,19
195,195,3820009300.0,19
196,196,3820009283.0,19
197,197,3820009212.0,19
198,198,3820009188.0,19
199,199,3820009091.0,19
200,200,3820009090.0,19
201,201,3820009089.0,19
202,202,3820009088.0,19
203,203,3820009087.0,19
204,204,3820009086.0,19
205,205,3820009083.0,19
206,206,3820009005.0,19
207,207,3820008942.0,19
208,208,3820008807.0,19
209,209,3820008779.0,19
210,210,3820008755.0,19
211,211,3820008723.0,19
212,212,3820008722.0,19
213,213,3820008721.0,19
214,214,3820008720.0,19
215,215,3820008683.0,19
216,216,3820008677.0,5
217,217,3820008483.0,5
218,218,3820008483.0,19
219,219,3820008478.0,19
220,220,3820008463.0,19
221,221,3820008458.0,19
222,222,3820008457.0,40
223,223,3820008415.0,19
224,224,3820008370.0,19
225,225,3820008334.0,19
226,226,3820008213.0,19
227,227,3820008203.0,19
228,228,3820008127.0,19
229,229,3820008088.0,19
230,230,3820007988.0,19
231,231,3820007987.0,19
232,232,3820007986.0,19
233,233,3820007880.0,19
234,234,3820007838.0,19
235,235,3820007691.0,19
236,236,3820007634.0,19
237,237,3820007616.0,19
238,238,3820007615.0,19
239,239,3820007614.0,19
240,240,3820007613.0,19
241,241,3820007612.0,19
242,242,3820007609.0,19
243,243,3820007603.0,19
244,244,3820007559.0,19
245,245,3820007537.0,19
246,246,3820007455.0,19
247,247,3820007110.0,19
248,248,3820007076.0,19
249,249,3820006887.0,19
250,250,3820006877.0,21
251,251,3820006877.0,19
252,252,3820006852.0,19
253,253,3820006831.0,19
254,254,3820006830.0,19
255,255,3820006801.0,19
256,256,3820006767.0,19
257,257,3820005984.0,19
258,258,3820005545.0,7
259,259,3820005545.0,19
260,260,3820005259.0,19
261,261,3820005258.0,19
262,262,3820005257.0,19
263,263,3820005256.0,19
264,264,3820005227.0,19
265,265,3820005155.0,19
266,266,3820005154.0,19
267,267,3820005152.0,19
268,268,3820005150.0,19
269,269,3820004838.0,19
270,270,3820004731.0,19
271,271,3820004391.0,19
272,272,3820004259.0,19
273,273,3820004017.0,19
274,274,3820004016.0,31
275,275,3820004016.0,19
276,276,3820003985.0,19
277,277,3820003933.0,19
278,278,3820003807.0,19
279,279,3820003536.0,19
280,280,3820003532.0,19
281,281,3820003396.0,19
282,282,3820002904.0,19
283,283,3820002852.0,19
284,284,3820002756.0,19
285,285,3820000899.0,19
286,286,3820000792.0,19
287,287,3820000751.0,19
288,288,3820000686.0,19
289,289,3820000685.0,19
290,290,3820000394.0,19
291,291,3820000068.0,19
292,292,3820000029.0,19
293,293,4062.0,19
294,294,4061.0,19
295,295,4060.0,19
296,296,4059.0,19
297,297,4058.0,19
298,298,4057.0,19
299,299,4056.0,19
300,300,4055.0,19
301,301,4054.0,19
302,302,4053.0,19
303,303,4052.0,19
304,304,4051.0,19
305,305,4050.0,19
306,306,4049.0,19
307,307,4048.0,19
308,308,4047.0,19
309,309,4046.0,19
310,310,4045.0,19
311,311,4044.0,19
312,312,4043.0,19
313,313,4042.0,19
314,314,4041.0,19
315,315,4040.0,19
316,316,4039.0,19
317,317,4038.0,19
318,318,4037.0,19
319,319,4036.0,19
320,320,4035.0,19
321,321,4034.0,19
322,322,4033.0,19
323,323,4032.0,19
324,324,4031.0,19
325,325,4030.0,19
326,326,4029.0,19
327,327,4028.0,19
328,328,4027.0,19
329,329,4026.0,19
330,330,4025.0,19
331,331,4024.0,19
332,332,4023.0,19
333,333,4022.0,19
334,334,4021.0,19
335,335,4020.0,19
336,336,4019.0,19
337,337,4018.0,19
338,338,4017.0,19
339,339,4016.0,19
340,340,4015.0,19
341,341,4014.0,19
342,342,4013.0,19
343,343,4012.0,19
344,344,4011.0,19
345,345,4010.0,19
346,346,4009.0,19
347,347,4008.0,19
348,348,4007.0,19
349,349,4006.0,19
350,350,4005.0,19
351,351,4004.0,19
352,352,4003.0,19
353,353,4002.0,19
354,354,4001.0,19
355,355,4000.0,19
356,356,3999.0,19
357,357,3998.0,19
358,358,3997.0,19
359,359,3996.0,19
360,360,3995.0,19
361,361,3994.0,19
362,362,3993.0,19
363,363,3992.0,19
364,364,3991.0,19
365,365,3990.0,19
366,366,3989.0,19
367,367,3988.0,19
368,368,3987.0,19
369,369,3986.0,19
370,370,3985.0,19
371,371,3984.0,19
372,372,3983.0,19
373,373,3982.0,19
374,374,3981.0,19
375,375,3980.0,19
376,376,3979.0,19
377,377,3978.0,19
378,378,3977.0,19
379,379,3976.0,19
380,380,3975.0,19
381,381,3974.0,19
382,382,3973.0,19
383,383,3972.0,19
384,384,3971.0,19
385,385,3970.0,19
386,386,3969.0,19
387,387,3968.0,19
388,388,3967.0,19
389,389,3966.0,19
390,390,3965.0,19
391,391,3964.0,19
392,392,3963.0,19
393,393,3962.0,19
394,394,3961.0,19
395,395,3960.0,19
396,396,3959.0,19
397,397,3958.0,19
398,398,3957.0,19
399,399,3956.0,19
400,400,3955.0,19
401,401,3954.0,19
402,402,3953.0,19
403,403,3952.0,19
404,404,3951.0,19
405,405,3950.0,19
406,406,3949.0,19
407,407,3948.0,19
408,408,3947.0,19
409,409,3946.0,19
410,410,3945.0,19
411,411,3944.0,19
412,412,3943.0,19
413,413,3942.0,19
414,414,3941.0,19
415,415,3940.0,19
416,416,3939.0,19
417,417,3938.0,19
418,418,3937.0,19
419,419,3936.0,19
420,420,3935.0,19
421,421,3934.0,19
422,422,3933.0,19
423,423,3932.0,19
424,424,3931.0,19
425,425,3930.0,19
426,426,3929.0,19
427,427,3928.0,19
428,428,3927.0,19
429,429,3926.0,19
430,430,3925.0,19
431,431,3924.0,19
432,432,3923.0,19
433,433,3922.0,19
434,434,3921.0,19
435,435,3920.0,19
436,436,3919.0,19
437,437,3918.0,19
438,438,3917.0,19
439,439,3916.0,19
440,440,3915.0,19
441,441,3914.0,19
442,442,3913.0,19
443,443,3912.0,19
444,444,3911.0,19
445,445,3910.0,19
446,446,3909.0,19
447,447,3908.0,19
448,448,3907.0,19
449,449,3906.0,19
450,450,3905.0,19
451,451,3904.0,19
452,452,3903.0,19
453,453,3902.0,19
454,454,3901.0,19
455,455,3900.0,19
456,456,3899.0,19
457,457,3898.0,19
458,458,3897.0,19
459,459,3896.0,19
460,460,3895.0,19
461,461,3894.0,19
462,462,3893.0,19
463,463,3892.0,19
464,464,3891.0,19
465,465,3890.0,19
466,466,3889.0,19
467,467,3888.0,19
468,468,3887.0,19
469,469,3886.0,19
470,470,3885.0,19
471,471,3884.0,19
472,472,3883.0,19
473,473,3882.0,19
474,474,3881.0,19
475,475,3880.0,19
476,476,3879.0,19
477,477,3878.0,19
478,478,3877.0,19
479,479,3876.0,19
480,480,3875.0,19
481,481,3874.0,19
482,482,3873.0,19
483,483,3872.0,19
484,484,3871.0,19
485,485,3870.0,19
486,486,3869.0,19
487,487,3868.0,19
488,488,3867.0,19
489,489,3866.0,19
490,490,3865.0,19
491,491,3864.0,19
492,492,3863.0,19
493,493,3862.0,19
494,494,3861.0,19
495,495,3860.0,19
496,496,3859.0,19
497,497,3858.0,19
498,498,3857.0,19
499,499,3856.0,19
500,500,3855.0,19
501,501,3854.0,19
502,502,3853.0,19
503,503,3852.0,19
504,504,3851.0,19
505,505,3850.0,19
506,506,3849.0,19
507,507,3848.0,19
508,508,3847.0,19
509,509,3846.0,19
510,510,3845.0,19
511,511,3844.0,19
512,512,3843.0,19
513,513,3842.0,19
514,514,3841.0,19
515,515,3840.0,19
516,516,3839.0,19
517,517,3838.0,19
518,518,3837.0,19
519,519,3836.0,19
520,520,3835.0,19
521,521,3834.0,19
522,522,3833.0,19
523,523,3832.0,19
524,524,3831.0,19
525,525,3830.0,19
526,526,3829.0,19
527,527,3828.0,19
528,528,3827.0,19
529,529,3826.0,19
530,530,3825.0,19
531,531,3824.0,19
532,532,3823.0,19
533,533,3822.0,19
534,534,3821.0,19
535,535,3820.0,19
536,536,3819.0,19
537,537,3818.0,19
538,538,3817.0,19
539,539,3816.0,19
540,540,3815.0,19
541,541,3814.0,19
542,542,3813.0,19
543,543,3812.0,19
544,544,3811.0,19
545,545,3810.0,19
546,546,3809.0,19
547,547,3808.0,19
548,548,3807.0,19
549,549,3806.0,19
550,550,3805.0,19
551,551,3804.0,19
552,552,3803.0,19
553,553,3802.0,19
554,554,3801.0,19
555,555,3800.0,19
556,556,3799.0,19
557,557,3798.0,19
558,558,3797.0,19
559,559,3796.0,19
560,560,3795.0,19
561,561,3794.0,19
562,562,3793.0,19
563,563,3792.0,19
564,564,3791.0,19
565,565,3790.0,19
566,566,3789.0,19
567,567,3788.0,19
568,568,3787.0,19
569,569,3786.0,19
570,570,3785.0,19
571,571,3784.0,19
572,572,3783.0,19
573,573,3782.0,19
574,574,3781.0,19
575,575,3780.0,19
576,576,3779.0,19
577,577,3778.0,19
578,578,3777.0,19
579,579,3776.0,19
580,580,3775.0,19
581,581,3774.0,19
582,582,3773.0,19
583,583,3772.0,19
584,584,3771.0,19
585,585,3770.0,19
586,586,3769.0,19
587,587,3768.0,19
588,588,3767.0,19
589,589,3766.0,19
590,590,3765.0,19
591,591,3764.0,19
592,592,3763.0,19
593,593,3762.0,19
594,594,3761.0,19
595,595,3760.0,19
596,596,3759.0,19
597,597,3758.0,19
598,598,3757.0,19
599,599,3756.0,19
600,600,3755.0,19
601,601,3754.0,19
602,602,3753.0,19
603,603,3752.0,19
604,604,3751.0,19
605,605,3750.0,19
606,606,3749.0,19
607,607,3748.0,19
608,608,3747.0,19
609,609,3746.0,19
610,610,3745.0,19
611,611,3744.0,19
612,612,3743.0,19
613,613,3742.0,19
614,614,3741.0,19
615,615,3740.0,19
616,616,3739.0,19
617,617,3738.0,19
618,618,3737.0,19
619,619,3736.0,19
620,620,3735.0,19
621,621,3734.0,19
622,622,3733.0,19
623,623,3732.0,19
624,624,3731.0,19
625,625,3730.0,19
626,626,3729.0,19
627,627,3728.0,19
628,628,3727.0,19
629,629,3726.0,19
630,630,3725.0,19
631,631,3724.0,19
632,632,3723.0,19
633,633,3722.0,19
634,634,3721.0,19
635,635,3720.0,19
636,636,3719.0,19
637,637,3718.0,19
638,638,3717.0,19
639,639,3716.0,19
640,640,3715.0,19
641,641,3714.0,19
642,642,3713.0,19
643,643,3712.0,19
644,644,3711.0,19
645,645,3710.0,19
646,646,3709.0,19
647,647,3708.0,19
648,648,3707.0,19
649,649,3706.0,19
650,650,3705.0,19
651,651,3704.0,19
652,652,3703.0,19
653,653,3702.0,19
654,654,3701.0,19
655,655,3700.0,19
656,656,3699.0,19
657,657,3698.0,19
658,658,3697.0,19
659,659,3696.0,19
660,660,3695.0,19
661,661,3694.0,19
662,662,3693.0,19
663,663,3692.0,19
664,664,3691.0,19
665,665,3690.0,19
666,666,3689.0,19
667,667,3688.0,19
668,668,3687.0,19
669,669,3686.0,19
670,670,3685.0,19
671,671,3684.0,19
672,672,3683.0,19
673,673,3682.0,19
674,674,3681.0,19
675,675,3680.0,19
676,676,3679.0,19
677,677,3678.0,19
678,678,3677.0,19
679,679,3676.0,19
680,680,3675.0,19
681,681,3674.0,19
682,682,3673.0,19
683,683,3672.0,19
684,684,3671.0,19
685,685,3670.0,19
686,686,3669.0,19
687,687,3668.0,19
688,688,3667.0,19
689,689,3666.0,19
690,690,3665.0,19
691,691,3664.0,19
692,692,3663.0,19
693,693,3662.0,19
694,694,3661.0,19
695,695,3660.0,19
696,696,3659.0,19
697,697,3658.0,19
698,698,3657.0,19
699,699,3656.0,19
700,700,3655.0,19
701,701,3654.0,19
702,702,3653.0,19
703,703,3652.0,19
704,704,3651.0,19
705,705,3650.0,19
706,706,3649.0,19
707,707,3648.0,19
708,708,3647.0,19
709,709,3646.0,19
710,710,3645.0,19
711,711,3644.0,19
712,712,3643.0,19
713,713,3642.0,19
714,714,3641.0,19
715,715,3640.0,19
716,716,3639.0,19
717,717,3638.0,19
718,718,3637.0,19
719,719,3636.0,19
720,720,3635.0,19
721,721,3634.0,19
722,722,3633.0,19
723,723,3632.0,19
724,724,3631.0,19
725,725,3630.0,19
726,726,3629.0,19
727,727,3628.0,19
728,728,3627.0,19
729,729,3626.0,19
730,730,3625.0,19
731,731,3624.0,19
732,732,3623.0,19
733,733,3622.0,19
734,734,3621.0,19
735,735,3620.0,19
736,736,3619.0,19
737,737,3618.0,19
738,738,3617.0,19
739,739,3616.0,19
740,740,3615.0,19
741,741,3614.0,19
742,742,3613.0,19
743,743,3612.0,19
744,744,3611.0,19
745,745,3610.0,19
746,746,3609.0,19
747,747,3608.0,19
748,748,3607.0,19
749,749,3606.0,19
750,750,3605.0,19
751,751,3604.0,19
752,752,3603.0,19
753,753,3602.0,19
754,754,3601.0,19
755,755,3600.0,19
756,756,3599.0,19
757,757,3598.0,19
758,758,3597.0,19
759,759,3596.0,19
760,760,3595.0,19
761,761,3594.0,19
762,762,3593.0,19
763,763,3592.0,19
764,764,3591.0,19
765,765,3590.0,19
766,766,3589.0,19
767,767,3588.0,19
768,768,3587.0,19
769,769,3586.0,19
770,770,3585.0,19
771,771,3584.0,19
772,772,3583.0,19
773,773,3582.0,19
774,774,3581.0,19
775,775,3580.0,19
776,776,3579.0,19
777,777,3578.0,19
778,778,3577.0,19
779,779,3576.0,19
780,780,3575.0,19
781,781,3574.0,19
782,782,3573.0,19
783,783,3572.0,19
784,784,3571.0,19
785,785,3570.0,19
786,786,3569.0,19
787,787,3568.0,19
788,788,3567.0,19
789,789,3566.0,19
790,790,3565.0,19
791,791,3564.0,19
792,792,3563.0,19
793,793,3562.0,19
794,794,3561.0,19
795,795,3560.0,19
796,796,3559.0,19
797,797,3558.0,19
798,798,3557.0,19
799,799,3556.0,19
800,800,3555.0,19
801,801,3554.0,19
802,802,3553.0,19
803,803,3552.0,19
804,804,3551.0,19
805,805,3550.0,19
806,806,3549.0,19
807,807,3548.0,19
808,808,3547.0,19
809,809,3546.0,19
810,810,3545.0,19
811,811,3544.0,19
812,812,3543.0,19
813,813,3542.0,19
814,814,3541.0,19
815,815,3540.0,19
816,816,3539.0,19
817,817,3538.0,19
818,818,3537.0,19
819,819,3536.0,19
820,820,3535.0,19
821,821,3534.0,19
822,822,3533.0,19
823,823,3532.0,19
824,824,3531.0,19
825,825,3530.0,19
826,826,3529.0,19
827,827,3528.0,19
828,828,3527.0,19
829,829,3526.0,19
830,830,3525.0,19
831,831,3524.0,19
832,832,3523.0,19
833,833,3522.0,19
834,834,3521.0,19
835,835,3520.0,19
836,836,3519.0,19
837,837,3518.0,19
838,838,3517.0,19
839,839,3516.0,19
840,840,3515.0,19
841,841,3514.0,19
842,842,3513.0,19
843,843,3512.0,19
844,844,3511.0,19
845,845,3510.0,19
846,846,3509.0,19
847,847,3508.0,19
848,848,3507.0,19
849,849,3506.0,19
850,850,3505.0,19
851,851,3504.0,19
852,852,3503.0,19
853,853,3502.0,19
854,854,3501.0,19
855,855,3500.0,19
856,856,3499.0,19
857,857,3498.0,19
858,858,3497.0,19
859,859,3496.0,19
860,860,3495.0,19
861,861,3494.0,19
862,862,3493.0,19
863,863,3492.0,19
864,864,3491.0,19
865,865,3490.0,19
866,866,3489.0,19
867,867,3488.0,19
868,868,3487.0,19
869,869,3486.0,19
870,870,3485.0,19
871,871,3484.0,19
872,872,3483.0,19
873,873,3482.0,19
874,874,3481.0,19
875,875,3480.0,19
876,876,3479.0,19
877,877,3478.0,19
878,878,3477.0,19
879,879,3476.0,19
880,880,3475.0,19
881,881,3474.0,19
882,882,3473.0,19
883,883,3472.0,19
884,884,3471.0,19
885,885,3470.0,19
886,886,3469.0,19
887,887,3468.0,19
888,888,3467.0,19
889,889,3466.0,19
890,890,3465.0,19
891,891,3464.0,19
892,892,3463.0,19
893,893,3462.0,19
894,894,3461.0,19
895,895,3460.0,19
896,896,3459.0,19
897,897,3458.0,19
898,898,3457.0,19
899,899,3456.0,19
900,900,3455.0,19
901,901,3454.0,19
902,902,3453.0,19
903,903,3452.0,19
904,904,3451.0,19
905,905,3450.0,19
906,906,3449.0,19
907,907,3448.0,19
908,908,3447.0,19
909,909,3446.0,19
910,910,3445.0,19
911,911,3444.0,19
912,912,3443.0,19
913,913,3442.0,19
914,914,3441.0,19
915,915,3440.0,19
916,916,3439.0,19
917,917,3438.0,19
918,918,3437.0,19
919,919,3436.0,19
920,920,3435.0,19
921,921,3434.0,19
922,922,3433.0,19
923,923,3432.0,19
924,924,3431.0,19
925,925,3430.0,19
926,926,3429.0,19
927,927,3428.0,19
928,928,3427.0,19
929,929,3426.0,19
930,930,3425.0,19
931,931,3424.0,19
932,932,3423.0,19
933,933,3422.0,19
934,934,3421.0,19
935,935,3420.0,19
936,936,3419.0,19
937,937,3418.0,19
938,938,3417.0,19
939,939,3416.0,19
940,940,3415.0,19
941,941,3414.0,19
942,942,3413.0,19
943,943,3412.0,19
944,944,3411.0,19
945,945,3410.0,19
946,946,3409.0,19
947,947,3408.0,19
948,948,3407.0,19
949,949,3406.0,19
950,950,3405.0,19
951,951,3404.0,19
952,952,3403.0,19
953,953,3402.0,19
954,954,3401.0,19
955,955,3400.0,19
956,956,3399.0,19
957,957,3398.0,19
958,958,3397.0,19
959,959,3396.0,19
960,960,3395.0,19
961,961,3394.0,19
962,962,3393.0,19
963,963,3392.0,19
964,964,3391.0,19
965,965,3390.0,19
966,966,3389.0,19
967,967,3388.0,19
968,968,3387.0,19
969,969,3386.0,19
970,970,3385.0,19
971,971,3384.0,19
972,972,3383.0,19
973,973,3382.0,19
974,974,3381.0,19
975,975,3380.0,19
976,976,3379.0,19
977,977,3378.0,19
978,978,3377.0,19
979,979,3376.0,19
980,980,3375.0,19
981,981,3374.0,19
982,982,3373.0,19
983,983,3372.0,19
984,984,3371.0,19
985,985,3370.0,19
986,986,3369.0,19
987,987,3368.0,19
988,988,3367.0,19
989,989,3366.0,19
990,990,3365.0,19
991,991,3364.0,19
992,992,3363.0,19
993,993,3362.0,19
994,994,3361.0,19
995,995,3360.0,19
996,996,3359.0,19
997,997,3358.0,19
998,998,3357.0,19
999,999,3356.0,19
1000,1000,3355.0,19
1001,1001,3354.0,19
1002,1002,3353.0,19
1003,1003,3352.0,19
1004,1004,3351.0,19
1005,1005,3350.0,19
1006,1006,3349.0,19
1007,1007,3348.0,19
1008,1008,3347.0,19
1009,1009,3346.0,19
1010,1010,3345.0,19
1011,1011,3344.0,19
1012,1012,3343.0,19
1013,1013,3342.0,19
1014,1014,3341.0,19
1015,1015,3340.0,19
1016,1016,3339.0,19
1017,1017,3338.0,19
1018,1018,3337.0,19
1019,1019,3336.0,19
1020,1020,3335.0,19
1021,1021,3334.0,19
1022,1022,3333.0,19
1023,1023,3332.0,19
1024,1024,3331.0,19
1025,1025,3330.0,19
1026,1026,3329.0,19
1027,1027,3328.0,19
1028,1028,3327.0,19
1029,1029,3326.0,19
1030,1030,3325.0,19
1031,1031,3324.0,19
1032,1032,3323.0,19
1033,1033,3322.0,19
1034,1034,3321.0,19
1035,1035,3320.0,19
1036,1036,3319.0,19
1037,1037,3318.0,19
1038,1038,3317.0,19
1039,1039,3316.0,19
1040,1040,3315.0,19
1041,1041,3314.0,19
1042,1042,3313.0,19
1043,1043,3312.0,19
1044,1044,3311.0,19
1045,1045,3310.0,19
1046,1046,3309.0,19
1047,1047,3308.0,19
1048,1048,3307.0,19
1049,1049,3306.0,19
1050,1050,3305.0,19
1051,1051,3304.0,19
1052,1052,3303.0,19
1053,1053,3302.0,19
1054,1054,3301.0,19
1055,1055,3300.0,19
1056,1056,3299.0,19
1057,1057,3298.0,19
1058,1058,3297.0,19
1059,1059,3296.0,19
1060,1060,3295.0,19
1061,1061,3294.0,19
1062,1062,3293.0,19
1063,1063,3292.0,19
1064,1064,3291.0,19
1065,1065,3290.0,19
1066,1066,3289.0,19
1067,1067,3288.0,19
1068,1068,3287.0,19
1069,1069,3286.0,19
1070,1070,3285.0,19
1071,1071,3284.0,19
1072,1072,3283.0,19
1073,1073,3282.0,19
1074,1074,3281.0,19
1075,1075,3280.0,19
1076,1076,3279.0,19
1077,1077,3278.0,19
1078,1078,3277.0,19
1079,1079,3276.0,19
1080,1080,3275.0,19
1081,1081,3274.0,19
1082,1082,3273.0,19
1083,1083,3272.0,19
1084,1084,3271.0,19
1085,1085,3270.0,19
1086,1086,3269.0,19
1087,1087,3268.0,19
1088,1088,3267.0,19
1089,1089,3266.0,19
1090,1090,3265.0,19
1091,1091,3264.0,19
1092,1092,3263.0,19
1093,1093,3262.0,19
1094,1094,3261.0,19
1095,1095,3260.0,19
1096,1096,3259.0,19
1097,1097,3258.0,19
1098,1098,3257.0,19
1099,1099,3256.0,19
1100,1100,3255.0,19
1101,1101,3254.0,19
1102,1102,3253.0,19
1103,1103,3252.0,19
1104,1104,3251.0,19
1105,1105,3250.0,19
1106,1106,3249.0,19
1107,1107,3248.0,19
1108,1108,3247.0,19
1109,1109,3246.0,19
1110,1110,3245.0,19
1111,1111,3244.0,19
1112,1112,3243.0,19
1113,1113,3242.0,19
1114,1114,3241.0,19
1115,1115,3240.0,19
1116,1116,3239.0,19
1117,1117,3238.0,19
1118,1118,3237.0,19
1119,1119,3236.0,19
1120,1120,3235.0,19
1121,1121,3234.0,19
1122,1122,3233.0,19
1123,1123,3232.0,19
1124,1124,3231.0,19
1125,1125,3230.0,19
1126,1126,3229.0,19
1127,1127,3228.0,19
1128,1128,3227.0,19
1129,1129,3226.0,19
1130,1130,3225.0,19
1131,1131,3224.0,19
1132,1132,3223.0,19
1133,1133,3222.0,19
1134,1134,3221.0,19
1135,1135,3220.0,19
1136,1136,3219.0,19
1137,1137,3218.0,19
1138,1138,3217.0,19
1139,1139,3216.0,19
1140,1140,3215.0,19
1141,1141,3214.0,19
1142,1142,3213.0,19
1143,1143,3212.0,19
1144,1144,3211.0,19
1145,1145,3210.0,19
1146,1146,3209.0,19
1147,1147,3208.0,19
1148,1148,3207.0,19
1149,1149,3206.0,19
1150,1150,3205.0,19
1151,1151,3204.0,19
1152,1152,3203.0,19
1153,1153,3202.0,19
1154,1154,3201.0,19
1155,1155,3200.0,19
1156,1156,3199.0,19
1157,1157,3198.0,19
1158,1158,3197.0,19
1159,1159,3196.0,19
1160,1160,3195.0,19
1161,1161,3194.0,19
1162,1162,3193.0,19
1163,1163,3192.0,19
1164,1164,3191.0,19
1165,1165,3190.0,19
1166,1166,3189.0,19
1167,1167,3188.0,19
1168,1168,3187.0,19
1169,1169,3186.0,19
1170,1170,3185.0,19
1171,1171,3184.0,19
1172,1172,3183.0,19
1173,1173,3182.0,19
1174,1174,3181.0,19
1175,1175,3180.0,19
1176,1176,3179.0,19
1177,1177,3178.0,19
1178,1178,3177.0,19
1179,1179,3176.0,19
1180,1180,3175.0,19
1181,1181,3174.0,19
1182,1182,3173.0,19
1183,1183,3172.0,19
1184,1184,3171.0,19
1185,1185,3170.0,19
1186,1186,3169.0,19
1187,1187,3168.0,19
1188,1188,3167.0,19
1189,1189,3166.0,19
1190,1190,3165.0,19
1191,1191,3164.0,19
1192,1192,3163.0,19
1193,1193,3162.0,19
1194,1194,3161.0,19
1195,1195,3160.0,19
1196,1196,3159.0,19
1197,1197,3158.0,19
1198,1198,3157.0,19
1199,1199,3156.0,19
1200,1200,3155.0,19
1201,1201,3154.0,19
1202,1202,3153.0,19
1203,1203,3152.0,19
1204,1204,3151.0,19
1205,1205,3150.0,19
1206,1206,3149.0,19
1207,1207,3148.0,19
1208,1208,3147.0,19
1209,1209,3146.0,19
1210,1210,3145.0,19
1211,1211,3144.0,19
1212,1212,3143.0,19
1213,1213,3142.0,19
1214,1214,3141.0,19
1215,1215,3140.0,19
1216,1216,3139.0,19
1217,1217,3138.0,19
1218,1218,3137.0,19
1219,1219,3136.0,19
1220,1220,3135.0,19
1221,1221,3134.0,19
1222,1222,3133.0,19
1223,1223,3132.0,19
1224,1224,3131.0,19
1225,1225,3130.0,19
1226,1226,3129.0,19
1227,1227,3128.0,19
1228,1228,3127.0,19
1229,1229,3126.0,19
1230,1230,3125.0,19
1231,1231,3124.0,19
1232,1232,3123.0,19
1233,1233,3122.0,19
1234,1234,3121.0,19
1235,1235,3120.0,19
1236,1236,3119.0,19
1237,1237,3118.0,19
1238,1238,3117.0,19
1239,1239,3116.0,19
1240,1240,3115.0,19
1241,1241,3114.0,19
1242,1242,3113.0,19
1243,1243,3112.0,19
1244,1244,3111.0,19
1245,1245,3110.0,19
1246,1246,3109.0,19
1247,1247,3108.0,19
1248,1248,3107.0,19
1249,1249,3106.0,19
1250,1250,3105.0,19
1251,1251,3104.0,19
1252,1252,3103.0,19
1253,1253,3102.0,19
1254,1254,3101.0,19
1255,1255,3100.0,19
1256,1256,3099.0,19
1257,1257,3098.0,19
1258,1258,3097.0,19
1259,1259,3096.0,19
1260,1260,3095.0,19
1261,1261,3094.0,19
1262,1262,3093.0,19
1263,1263,3092.0,19
1264,1264,3091.0,19
1265,1265,3090.0,19
1266,1266,3089.0,19
1267,1267,3088.0,19
1268,1268,3087.0,19
1269,1269,3086.0,19
1270,1270,3085.0,19
1271,1271,3084.0,19
1272,1272,3083.0,19
1273,1273,3082.0,19
1274,1274,3081.0,19
1275,1275,3080.0,19
1276,1276,3079.0,19
1277,1277,3078.0,19
1278,1278,3077.0,19
1279,1279,3076.0,19
1280,1280,3075.0,19
1281,1281,3074.0,19
1282,1282,3073.0,19
1283,1283,3072.0,19
1284,1284,3071.0,19
1285,1285,3070.0,19
1286,1286,3069.0,19
1287,1287,3068.0,19
1288,1288,3067.0,19
1289,1289,3066.0,19
1290,1290,3065.0,19
1291,1291,3064.0,19
1292,1292,3063.0,19
1293,1293,3062.0,19
1294,1294,3061.0,19
1295,1295,3060.0,19
1296,1296,3059.0,19
1297,1297,3058.0,19
1298,1298,3057.0,19
1299,1299,3056.0,19
1300,1300,3055.0,19
1301,1301,3054.0,19
1302,1302,3053.0,19
1303,1303,3052.0,19
1304,1304,3051.0,19
1305,1305,3050.0,19
1306,1306,3049.0,19
1307,1307,3048.0,19
1308,1308,3047.0,19
1309,1309,3046.0,19
1310,1310,3045.0,19
1311,1311,3044.0,19
1312,1312,3043.0,19
1313,1313,3042.0,19
1314,1314,3041.0,19
1315,1315,3040.0,19
1316,1316,3039.0,19
1317,1317,3038.0,19
1318,1318,3037.0,19
1319,1319,3036.0,19
1320,1320,3035.0,19
1321,1321,3034.0,19
1322,1322,3033.0,19
1323,1323,3032.0,19
1324,1324,3031.0,19
1325,1325,3030.0,19
1326,1326,3029.0,19
1327,1327,3028.0,19
1328,1328,3027.0,19
1329,1329,3026.0,19
1330,1330,3025.0,19
1331,1331,3024.0,19
1332,1332,3023.0,19
1333,1333,3022.0,19
1334,1334,3021.0,19
1335,1335,3020.0,19
1336,1336,3019.0,19
1337,1337,3018.0,19
1338,1338,3017.0,19
1339,1339,3016.0,19
1340,1340,3015.0,19
1341,1341,3014.0,19
1342,1342,3013.0,19
1343,1343,3012.0,19
1344,1344,3011.0,19
1345,1345,3010.0,19
1346,1346,3009.0,19
1347,1347,3008.0,19
1348,1348,3007.0,19
1349,1349,3006.0,19
1350,1350,3005.0,19
1351,1351,3004.0,19
1352,1352,3003.0,19
1353,1353,3002.0,19
1354,1354,3001.0,19
1355,1355,3000.0,19
1356,1356,2999.0,19
1357,1357,2998.0,19
1358,1358,2997.0,19
1359,1359,2996.0,19
1360,1360,2995.0,19
1361,1361,2994.0,19
1362,1362,2993.0,19
1363,1363,2992.0,19
1364,1364,2991.0,19
1365,1365,2990.0,19
1366,1366,2989.0,19
1367,1367,2988.0,19
1368,1368,2987.0,19
1369,1369,2986.0,19
1370,1370,2985.0,19
1371,1371,2984.0,19
1372,1372,2983.0,19
1373,1373,2982.0,19
1374,1374,2981.0,19
1375,1375,2980.0,19
1376,1376,2979.0,19
1377,1377,2978.0,19
1378,1378,2977.0,19
1379,1379,2976.0,19
1380,1380,2975.0,19
1381,1381,2974.0,19
1382,1382,2973.0,19
1383,1383,2972.0,19
1384,1384,2971.0,19
1385,1385,2970.0,19
1386,1386,2969.0,19
1387,1387,2968.0,19
1388,1388,2967.0,19
1389,1389,2966.0,19
1390,1390,2965.0,19
1391,1391,2964.0,19
1392,1392,2963.0,19
1393,1393,2962.0,19
1394,1394,2961.0,19
1395,1395,2960.0,19
1396,1396,2959.0,19
1397,1397,2958.0,19
1398,1398,2957.0,19
1399,1399,2956.0,19
1400,1400,2955.0,19
1401,1401,2954.0,19
1402,1402,2953.0,19
1403,1403,2952.0,19
1404,1404,2951.0,19
1405,1405,2950.0,19
1406,1406,2949.0,19
1407,1407,2948.0,19
1408,1408,2947.0,19
1409,1409,2946.0,19
1410,1410,2945.0,19
1411,1411,2944.0,19
1412,1412,2943.0,19
1413,1413,2942.0,19
1414,1414,2941.0,19
1415,1415,2940.0,19
1416,1416,2939.0,19
1417,1417,2938.0,19
1418,1418,2937.0,19
1419,1419,2936.0,19
1420,1420,2935.0,19
1421,1421,2934.0,19
1422,1422,2933.0,19
1423,1423,2932.0,19
1424,1424,2931.0,19
1425,1425,2930.0,19
1426,1426,2929.0,19
1427,1427,2928.0,19
1428,1428,2927.0,19
1429,1429,2926.0,19
1430,1430,2925.0,19
1431,1431,2924.0,19
1432,1432,2923.0,19
1433,1433,2922.0,19
1434,1434,2921.0,19
1435,1435,2920.0,19
1436,1436,2919.0,19
1437,1437,2918.0,19
1438,1438,2917.0,19
1439,1439,2916.0,19
1440,1440,2915.0,19
1441,1441,2914.0,19
1442,1442,2913.0,19
1443,1443,2912.0,19
1444,1444,2911.0,19
1445,1445,2910.0,19
1446,1446,2909.0,19
1447,1447,2908.0,19
1448,1448,2907.0,19
1449,1449,2906.0,19
1450,1450,2905.0,19
1451,1451,2904.0,19
1452,1452,2903.0,19
1453,1453,2902.0,19
1454,1454,2901.0,19
1455,1455,2900.0,19
1456,1456,2899.0,19
1457,1457,2898.0,19
1458,1458,2897.0,19
1459,1459,2896.0,19
1460,1460,2895.0,19
1461,1461,2894.0,19
1462,1462,2893.0,19
1463,1463,2892.0,19
1464,1464,2891.0,19
1465,1465,2890.0,19
1466,1466,2889.0,19
1467,1467,2888.0,19
1468,1468,2887.0,19
1469,1469,2886.0,19
1470,1470,2885.0,19
1471,1471,2884.0,19
1472,1472,2883.0,19
1473,1473,2882.0,19
1474,1474,2881.0,19
1475,1475,2880.0,19
1476,1476,2879.0,19
1477,1477,2878.0,19
1478,1478,2877.0,19
1479,1479,2876.0,19
1480,1480,2875.0,19
1481,1481,2874.0,19
1482,1482,2873.0,19
1483,1483,2872.0,19
1484,1484,2871.0,19
1485,1485,2870.0,19
1486,1486,2869.0,19
1487,1487,2868.0,19
1488,1488,2867.0,19
1489,1489,2866.0,19
1490,1490,2865.0,19
1491,1491,2864.0,19
1492,1492,2863.0,19
1493,1493,2862.0,19
1494,1494,2861.0,19
1495,1495,2860.0,19
1496,1496,2859.0,19
1497,1497,2858.0,19
1498,1498,2857.0,19
1499,1499,2856.0,19
1500,1500,2855.0,19
1501,1501,2854.0,19
1502,1502,2853.0,19
1503,1503,2852.0,19
1504,1504,2851.0,19
1505,1505,2850.0,19
1506,1506,2849.0,19
1507,1507,2848.0,19
1508,1508,2847.0,19
1509,1509,2846.0,19
1510,1510,2845.0,19
1511,1511,2844.0,19
1512,1512,2843.0,19
1513,1513,2842.0,19
1514,1514,2841.0,19
1515,1515,2840.0,19
1516,1516,2839.0,19
1517,1517,2838.0,19
1518,1518,2837.0,19
1519,1519,2836.0,19
1520,1520,2835.0,19
1521,1521,2834.0,19
1522,1522,2833.0,19
1523,1523,2832.0,19
1524,1524,2831.0,19
1525,1525,2830.0,19
1526,1526,2829.0,19
1527,1527,2828.0,19
1528,1528,2827.0,19
1529,1529,2826.0,19
1530,1530,2825.0,19
1531,1531,2824.0,19
1532,1532,2823.0,19
1533,1533,2822.0,19
1534,1534,2821.0,19
1535,1535,2820.0,19
1536,1536,2819.0,19
1537,1537,2818.0,19
1538,1538,2817.0,19
1539,1539,2816.0,19
1540,1540,2815.0,19
1541,1541,2814.0,19
1542,1542,2813.0,19
1543,1543,2812.0,19
1544,1544,2811.0,19
1545,1545,2810.0,19
1546,1546,2809.0,19
1547,1547,2808.0,19
1548,1548,2807.0,19
1549,1549,2806.0,19
1550,1550,2805.0,19
1551,1551,2804.0,19
1552,1552,2803.0,19
1553,1553,2802.0,19
1554,1554,2801.0,19
1555,1555,2800.0,19
1556,1556,2799.0,19
1557,1557,2798.0,19
1558,1558,2797.0,19
1559,1559,2796.0,19
1560,1560,2795.0,19
1561,1561,2794.0,19
1562,1562,2793.0,19
1563,1563,2792.0,19
1564,1564,2791.0,19
1565,1565,2790.0,19
1566,1566,2789.0,19
1567,1567,2788.0,19
1568,1568,2787.0,19
1569,1569,2786.0,19
1570,1570,2785.0,19
1571,1571,2784.0,19
1572,1572,2783.0,19
1573,1573,2782.0,19
1574,1574,2781.0,19
1575,1575,2780.0,19
1576,1576,2779.0,19
1577,1577,2778.0,19
1578,1578,2777.0,19
1579,1579,2776.0,19
1580,1580,2775.0,19
1581,1581,2774.0,19
1582,1582,2773.0,19
1583,1583,2772.0,19
1584,1584,2771.0,19
1585,1585,2770.0,19
1586,1586,2769.0,19
1587,1587,2768.0,19
1588,1588,2767.0,19
1589,1589,2766.0,19
1590,1590,2765.0,19
1591,1591,2764.0,19
1592,1592,2763.0,19
1593,1593,2762.0,19
1594,1594,2761.0,19
1595,1595,2760.0,19
1596,1596,2759.0,19
1597,1597,2758.0,19
1598,1598,2757.0,19
1599,1599,2756.0,19
1600,1600,2755.0,19
1601,1601,2754.0,19
1602,1602,2753.0,19
1603,1603,2752.0,19
1604,1604,2751.0,19
1605,1605,2750.0,19
1606,1606,2749.0,19
1607,1607,2748.0,19
1608,1608,2747.0,19
1609,1609,2746.0,19
1610,1610,2745.0,19
1611,1611,2744.0,19
1612,1612,2743.0,19
1613,1613,2742.0,19
1614,1614,2741.0,19
1615,1615,2740.0,19
1616,1616,2739.0,19
1617,1617,2738.0,19
1618,1618,2737.0,19
1619,1619,2736.0,19
1620,1620,2735.0,19
1621,1621,2734.0,19
1622,1622,2733.0,19
1623,1623,2732.0,19
1624,1624,2731.0,19
1625,1625,2730.0,19
1626,1626,2729.0,19
1627,1627,2728.0,19
1628,1628,2727.0,19
1629,1629,2726.0,19
1630,1630,2725.0,19
1631,1631,2724.0,19
1632,1632,2723.0,19
1633,1633,2722.0,19
1634,1634,2721.0,19
1635,1635,2720.0,19
1636,1636,2719.0,19
1637,1637,2718.0,19
1638,1638,2717.0,19
1639,1639,2716.0,19
1640,1640,2715.0,19
1641,1641,2714.0,19
1642,1642,2713.0,19
1643,1643,2712.0,19
1644,1644,2711.0,19
1645,1645,2710.0,19
1646,1646,2709.0,19
1647,1647,2708.0,19
1648,1648,2707.0,19
1649,1649,2706.0,19
1650,1650,2705.0,19
1651,1651,2704.0,19
1652,1652,2703.0,19
1653,1653,2702.0,19
1654,1654,2701.0,19
1655,1655,2700.0,19
1656,1656,2699.0,19
1657,1657,2698.0,19
1658,1658,2697.0,19
1659,1659,2696.0,19
1660,1660,2695.0,19
1661,1661,2694.0,19
1662,1662,2693.0,19
1663,1663,2692.0,19
1664,1664,2691.0,19
1665,1665,2690.0,19
1666,1666,2689.0,19
1667,1667,2688.0,19
1668,1668,2687.0,19
1669,1669,2686.0,19
1670,1670,2685.0,19
1671,1671,2684.0,19
1672,1672,2683.0,19
1673,1673,2682.0,19
1674,1674,2681.0,19
1675,1675,2680.0,19
1676,1676,2679.0,19
1677,1677,2678.0,19
1678,1678,2677.0,19
1679,1679,2676.0,19
1680,1680,2675.0,19
1681,1681,2674.0,19
1682,1682,2673.0,19
1683,1683,2672.0,19
1684,1684,2671.0,19
1685,1685,2670.0,19
1686,1686,2669.0,19
1687,1687,2668.0,19
1688,1688,2667.0,19
1689,1689,2666.0,19
1690,1690,2665.0,19
1691,1691,2664.0,19
1692,1692,2663.0,19
1693,1693,2662.0,19
1694,1694,2661.0,19
1695,1695,2660.0,19
1696,1696,2659.0,19
1697,1697,2658.0,19
1698,1698,2657.0,19
1699,1699,2656.0,19
1700,1700,2655.0,19
1701,1701,2654.0,19
1702,1702,2653.0,19
1703,1703,2652.0,19
1704,1704,2651.0,19
1705,1705,2650.0,19
1706,1706,2649.0,19
1707,1707,2648.0,19
1708,1708,2647.0,19
1709,1709,2646.0,19
1710,1710,2645.0,19
1711,1711,2644.0,19
1712,1712,2643.0,19
1713,1713,2642.0,19
1714,1714,2641.0,19
1715,1715,2640.0,19
1716,1716,2639.0,19
1717,1717,2638.0,19
1718,1718,2637.0,19
1719,1719,2636.0,19
1720,1720,2635.0,19
1721,1721,2634.0,19
1722,1722,2633.0,19
1723,1723,2632.0,19
1724,1724,2631.0,19
1725,1725,2630.0,19
1726,1726,2629.0,19
1727,1727,2628.0,19
1728,1728,2627.0,19
1729,1729,2626.0,19
1730,1730,2625.0,19
1731,1731,2624.0,19
1732,1732,2623.0,19
1733,1733,2622.0,19
1734,1734,2621.0,19
1735,1735,2620.0,19
1736,1736,2619.0,19
1737,1737,2618.0,19
1738,1738,2617.0,19
1739,1739,2616.0,19
1740,1740,2615.0,19
1741,1741,2614.0,19
1742,1742,2613.0,19
1743,1743,2612.0,19
1744,1744,2611.0,19
1745,1745,2610.0,19
1746,1746,2609.0,19
1747,1747,2608.0,19
1748,1748,2607.0,19
1749,1749,2606.0,19
1750,1750,2605.0,19
1751,1751,2604.0,19
1752,1752,2603.0,19
1753,1753,2602.0,19
1754,1754,2601.0,19
1755,1755,2600.0,19
1756,1756,2599.0,19
1757,1757,2598.0,19
1758,1758,2597.0,19
1759,1759,2596.0,19
1760,1760,2595.0,19
1761,1761,2594.0,19
1762,1762,2593.0,19
1763,1763,2592.0,19
1764,1764,2591.0,19
1765,1765,2590.0,19
1766,1766,2589.0,19
1767,1767,2588.0,19
1768,1768,2587.0,19
1769,1769,2586.0,19
1770,1770,2585.0,19
1771,1771,2584.0,19
1772,1772,2583.0,19
1773,1773,2582.0,19
1774,1774,2581.0,19
1775,1775,2580.0,19
1776,1776,2579.0,19
1777,1777,2578.0,19
1778,1778,2577.0,19
1779,1779,2576.0,19
1780,1780,2575.0,19
1781,1781,2574.0,19
1782,1782,2573.0,19
1783,1783,2572.0,19
1784,1784,2571.0,19
1785,1785,2570.0,19
1786,1786,2569.0,19
1787,1787,2568.0,19
1788,1788,2567.0,19
1789,1789,2566.0,19
1790,1790,2565.0,19
1791,1791,2564.0,19
1792,1792,2563.0,19
1793,1793,2562.0,19
1794,1794,2561.0,19
1795,1795,2560.0,19
1796,1796,2559.0,19
1797,1797,2558.0,19
1798,1798,2557.0,19
1799,1799,2556.0,19
1800,1800,2555.0,19
1801,1801,2554.0,19
1802,1802,2553.0,19
1803,1803,2552.0,19
1804,1804,2551.0,19
1805,1805,2550.0,19
1806,1806,2549.0,19
1807,1807,2548.0,19
1808,1808,2547.0,19
1809,1809,2546.0,19
1810,1810,2545.0,19
1811,1811,2544.0,19
1812,1812,2543.0,19
1813,1813,2542.0,19
1814,1814,2541.0,19
1815,1815,2540.0,19
1816,1816,2539.0,19
1817,1817,2538.0,19
1818,1818,2537.0,19
1819,1819,2536.0,19
1820,1820,2535.0,19
1821,1821,2534.0,19
1822,1822,2533.0,19
1823,1823,2532.0,19
1824,1824,2531.0,19
1825,1825,2530.0,19
1826,1826,2529.0,19
1827,1827,2528.0,19
1828,1828,2527.0,19
1829,1829,2526.0,19
1830,1830,2525.0,19
1831,1831,2524.0,19
1832,1832,2523.0,19
1833,1833,2522.0,19
1834,1834,2521.0,19
1835,1835,2520.0,19
1836,1836,2519.0,19
1837,1837,2518.0,19
1838,1838,2517.0,19
1839,1839,2516.0,19
1840,1840,2515.0,19
1841,1841,2514.0,19
1842,1842,2513.0,19
1843,1843,2512.0,19
1844,1844,2511.0,19
1845,1845,2510.0,19
1846,1846,2509.0,19
1847,1847,2508.0,19
1848,1848,2507.0,19
1849,1849,2506.0,19
1850,1850,2505.0,19
1851,1851,2504.0,19
1852,1852,2503.0,19
1853,1853,2502.0,19
1854,1854,2501.0,19
1855,1855,2500.0,19
1856,1856,2499.0,19
1857,1857,2498.0,19
1858,1858,2497.0,19
1859,1859,2496.0,19
1860,1860,2495.0,19
1861,1861,2494.0,19
1862,1862,2493.0,19
1863,1863,2492.0,19
1864,1864,2491.0,19
1865,1865,2490.0,19
1866,1866,2489.0,19
1867,1867,2488.0,19
1868,1868,2487.0,19
1869,1869,2486.0,19
1870,1870,2485.0,19
1871,1871,2484.0,19
1872,1872,2483.0,19
1873,1873,2482.0,19
1874,1874,2481.0,19
1875,1875,2480.0,19
1876,1876,2479.0,19
1877,1877,2478.0,19
1878,1878,2477.0,19
1879,1879,2476.0,19
1880,1880,2475.0,19
1881,1881,2474.0,19
1882,1882,2473.0,19
1883,1883,2472.0,19
1884,1884,2471.0,19
1885,1885,2470.0,19
1886,1886,2469.0,19
1887,1887,2468.0,19
1888,1888,2467.0,19
1889,1889,2466.0,19
1890,1890,2465.0,19
1891,1891,2464.0,19
1892,1892,2463.0,19
1893,1893,2462.0,19
1894,1894,2461.0,19
1895,1895,2460.0,19
1896,1896,2459.0,19
1897,1897,2458.0,19
1898,1898,2457.0,19
1899,1899,2456.0,19
1900,1900,2455.0,19
1901,1901,2454.0,19
1902,1902,2453.0,19
1903,1903,2452.0,19
1904,1904,2451.0,19
1905,1905,2450.0,19
1906,1906,2449.0,19
1907,1907,2448.0,19
1908,1908,2447.0,19
1909,1909,2446.0,19
1910,1910,2445.0,19
1911,1911,2444.0,19
1912,1912,2443.0,19
1913,1913,2442.0,19
1914,1914,2441.0,19
1915,1915,2440.0,19
1916,1916,2439.0,19
1917,1917,2438.0,19
1918,1918,2437.0,19
1919,1919,2436.0,19
1920,1920,2435.0,19
1921,1921,2434.0,19
1922,1922,2433.0,19
1923,1923,2432.0,19
1924,1924,2431.0,19
1925,1925,2430.0,19
1926,1926,2429.0,19
1927,1927,2428.0,19
1928,1928,2427.0,19
1929,1929,2426.0,19
1930,1930,2425.0,19
1931,1931,2424.0,19
1932,1932,2423.0,19
1933,1933,2422.0,19
1934,1934,2421.0,19
1935,1935,2420.0,19
1936,1936,2419.0,19
1937,1937,2418.0,19
1938,1938,2417.0,19
1939,1939,2416.0,19
1940,1940,2415.0,19
1941,1941,2414.0,19
1942,1942,2413.0,19
1943,1943,2412.0,19
1944,1944,2411.0,19
1945,1945,2410.0,19
1946,1946,2409.0,19
1947,1947,2408.0,19
1948,1948,2407.0,19
1949,1949,2406.0,19
1950,1950,2405.0,19
1951,1951,2404.0,19
1952,1952,2403.0,19
1953,1953,2402.0,19
1954,1954,2401.0,19
1955,1955,2400.0,19
1956,1956,2399.0,19
1957,1957,2398.0,19
1958,1958,2397.0,19
1959,1959,2396.0,19
1960,1960,2395.0,19
1961,1961,2394.0,19
1962,1962,2393.0,19
1963,1963,2392.0,19
1964,1964,2391.0,19
1965,1965,2390.0,19
1966,1966,2389.0,19
1967,1967,2388.0,19
1968,1968,2387.0,19
1969,1969,2386.0,19
1970,1970,2385.0,19
1971,1971,2384.0,19
1972,1972,2383.0,19
1973,1973,2382.0,19
1974,1974,2381.0,19
1975,1975,2380.0,19
1976,1976,2379.0,19
1977,1977,2378.0,19
1978,1978,2377.0,19
1979,1979,2376.0,19
1980,1980,2375.0,19
1981,1981,2374.0,19
1982,1982,2373.0,19
1983,1983,2372.0,19
1984,1984,2371.0,19
1985,1985,2370.0,19
1986,1986,2369.0,19
1987,1987,2368.0,19
1988,1988,2367.0,19
1989,1989,2366.0,19
1990,1990,2365.0,19
1991,1991,2364.0,19
1992,1992,2363.0,19
1993,1993,2362.0,19
1994,1994,2361.0,19
1995,1995,2360.0,19
1996,1996,2359.0,19
1997,1997,2358.0,19
1998,1998,2357.0,19
1999,1999,2356.0,19
2000,2000,2355.0,19
2001,2001,2354.0,19
2002,2002,2353.0,19
2003,2003,2352.0,19
2004,2004,2351.0,19
2005,2005,2350.0,19
2006,2006,2349.0,19
2007,2007,2348.0,19
2008,2008,2347.0,19
2009,2009,2346.0,19
2010,2010,2345.0,19
2011,2011,2344.0,19
2012,2012,2343.0,19
2013,2013,2342.0,19
2014,2014,2341.0,19
2015,2015,2340.0,19
2016,2016,2339.0,19
2017,2017,2338.0,19
2018,2018,2337.0,19
2019,2019,2336.0,19
2020,2020,2335.0,19
2021,2021,2334.0,19
2022,2022,2333.0,19
2023,2023,2332.0,19
2024,2024,2331.0,19
2025,2025,2330.0,19
2026,2026,2329.0,19
2027,2027,2328.0,19
2028,2028,2327.0,19
2029,2029,2326.0,19
2030,2030,2325.0,19
2031,2031,2324.0,19
2032,2032,2323.0,19
2033,2033,2322.0,19
2034,2034,2321.0,19
2035,2035,2320.0,19
2036,2036,2319.0,19
2037,2037,2318.0,19
2038,2038,2317.0,19
2039,2039,2316.0,19
2040,2040,2315.0,19
2041,2041,2314.0,19
2042,2042,2313.0,19
2043,2043,2312.0,19
2044,2044,2311.0,19
2045,2045,2310.0,19
2046,2046,2309.0,19
2047,2047,2308.0,19
2048,2048,2307.0,19
2049,2049,2306.0,19
2050,2050,2305.0,19
2051,2051,2304.0,19
2052,2052,2303.0,19
2053,2053,2302.0,19
2054,2054,2301.0,19
2055,2055,2300.0,19
2056,2056,2299.0,19
2057,2057,2298.0,19
2058,2058,2297.0,19
2059,2059,2296.0,19
2060,2060,2295.0,19
2061,2061,2294.0,19
2062,2062,2293.0,19
2063,2063,2292.0,19
2064,2064,2291.0,19
2065,2065,2290.0,19
2066,2066,2289.0,19
2067,2067,2288.0,19
2068,2068,2287.0,19
2069,2069,2286.0,19
2070,2070,2285.0,19
2071,2071,2284.0,19
2072,2072,2283.0,19
2073,2073,2282.0,19
2074,2074,2281.0,19
2075,2075,2280.0,19
2076,2076,2279.0,19
2077,2077,2278.0,19
2078,2078,2277.0,19
2079,2079,2276.0,19
2080,2080,2275.0,19
2081,2081,2274.0,19
2082,2082,2273.0,19
2083,2083,2272.0,19
2084,2084,2271.0,19
2085,2085,2270.0,19
2086,2086,2269.0,19
2087,2087,2268.0,19
2088,2088,2267.0,19
2089,2089,2266.0,19
2090,2090,2265.0,19
2091,2091,2264.0,19
2092,2092,2263.0,19
2093,2093,2262.0,19
2094,2094,2261.0,19
2095,2095,2260.0,19
2096,2096,2259.0,19
2097,2097,2258.0,19
2098,2098,2257.0,19
2099,2099,2256.0,19
2100,2100,2255.0,19
2101,2101,2254.0,19
2102,2102,2253.0,19
2103,2103,2252.0,19
2104,2104,2251.0,19
2105,2105,2250.0,19
2106,2106,2249.0,19
2107,2107,2248.0,19
2108,2108,2247.0,19
2109,2109,2246.0,19
2110,2110,2245.0,19
2111,2111,2244.0,19
2112,2112,2243.0,19
2113,2113,2242.0,19
2114,2114,2241.0,19
2115,2115,2240.0,19
2116,2116,2239.0,19
2117,2117,2238.0,19
2118,2118,2237.0,19
2119,2119,2236.0,19
2120,2120,2235.0,19
2121,2121,2234.0,19
2122,2122,2233.0,19
2123,2123,2232.0,19
2124,2124,2231.0,19
2125,2125,2230.0,19
2126,2126,2229.0,19
2127,2127,2228.0,19
2128,2128,2227.0,19
2129,2129,2226.0,19
2130,2130,2225.0,19
2131,2131,2224.0,19
2132,2132,2223.0,19
2133,2133,2222.0,19
2134,2134,2221.0,19
2135,2135,2220.0,19
2136,2136,2219.0,19
2137,2137,2218.0,19
2138,2138,2217.0,19
2139,2139,2216.0,19
2140,2140,2215.0,19
2141,2141,2214.0,19
2142,2142,2213.0,19
2143,2143,2212.0,19
2144,2144,2211.0,19
2145,2145,2210.0,19
2146,2146,2209.0,19
2147,2147,2208.0,19
2148,2148,2207.0,19
2149,2149,2206.0,19
2150,2150,2205.0,19
2151,2151,2204.0,19
2152,2152,2203.0,19
2153,2153,2202.0,19
2154,2154,2201.0,19
2155,2155,2200.0,19
2156,2156,2199.0,19
2157,2157,2198.0,19
2158,2158,2197.0,19
2159,2159,2196.0,19
2160,2160,2195.0,19
2161,2161,2194.0,19
2162,2162,2193.0,19
2163,2163,2192.0,19
2164,2164,2191.0,19
2165,2165,2190.0,19
2166,2166,2189.0,19
2167,2167,2188.0,19
2168,2168,2187.0,19
2169,2169,2186.0,19
2170,2170,2185.0,19
2171,2171,2184.0,19
2172,2172,2183.0,19
2173,2173,2182.0,19
2174,2174,2181.0,19
2175,2175,2180.0,19
2176,2176,2179.0,19
2177,2177,2178.0,19
2178,2178,2177.0,19
2179,2179,2176.0,19
2180,2180,2175.0,19
2181,2181,2174.0,19
2182,2182,2173.0,19
2183,2183,2172.0,19
2184,2184,2171.0,19
2185,2185,2170.0,19
2186,2186,2169.0,19
2187,2187,2168.0,19
2188,2188,2167.0,19
2189,2189,2166.0,19
2190,2190,2165.0,19
2191,2191,2164.0,19
2192,2192,2163.0,19
2193,2193,2162.0,19
2194,2194,2161.0,19
2195,2195,2160.0,19
2196,2196,2159.0,19
2197,2197,2158.0,19
2198,2198,2157.0,19
2199,2199,2156.0,19
2200,2200,2155.0,19
2201,2201,2154.0,19
2202,2202,2153.0,19
2203,2203,2152.0,19
2204,2204,2151.0,19
2205,2205,2150.0,19
2206,2206,2149.0,19
2207,2207,2148.0,19
2208,2208,2147.0,19
2209,2209,2146.0,19
2210,2210,2145.0,19
2211,2211,2144.0,19
2212,2212,2143.0,19
2213,2213,2142.0,19
2214,2214,2141.0,19
2215,2215,2140.0,19
2216,2216,2139.0,19
2217,2217,2138.0,19
2218,2218,2137.0,19
2219,2219,2136.0,19
2220,2220,2135.0,19
2221,2221,2134.0,19
2222,2222,2133.0,19
2223,2223,2132.0,19
2224,2224,2131.0,19
2225,2225,2130.0,19
2226,2226,2129.0,19
2227,2227,2128.0,19
2228,2228,2127.0,19
2229,2229,2126.0,19
2230,2230,2125.0,19
2231,2231,2124.0,19
2232,2232,2123.0,19
2233,2233,2122.0,19
2234,2234,2121.0,19
2235,2235,2120.0,19
2236,2236,2119.0,19
2237,2237,2118.0,19
2238,2238,2117.0,19
2239,2239,2116.0,19
2240,2240,2115.0,19
2241,2241,2114.0,19
2242,2242,2113.0,19
2243,2243,2112.0,19
2244,2244,2111.0,19
2245,2245,2110.0,19
2246,2246,2109.0,19
2247,2247,2108.0,19
2248,2248,2107.0,19
2249,2249,2106.0,19
2250,2250,2105.0,19
2251,2251,2104.0,19
2252,2252,2103.0,19
2253,2253,2102.0,19
2254,2254,2101.0,19
2255,2255,2100.0,19
2256,2256,2099.0,19
2257,2257,2098.0,19
2258,2258,2097.0,19
2259,2259,2096.0,19
2260,2260,2095.0,19
2261,2261,2094.0,19
2262,2262,2093.0,19
2263,2263,2092.0,19
2264,2264,2091.0,19
2265,2265,2090.0,19
2266,2266,2089.0,19
2267,2267,2088.0,19
2268,2268,2087.0,19
2269,2269,2086.0,19
2270,2270,2085.0,19
2271,2271,2084.0,19
2272,2272,2083.0,19
2273,2273,2082.0,19
2274,2274,2081.0,19
2275,2275,2080.0,19
2276,2276,2079.0,19
2277,2277,2078.0,19
2278,2278,2077.0,19
2279,2279,2076.0,19
2280,2280,2075.0,19
2281,2281,2074.0,19
2282,2282,2073.0,19
2283,2283,2072.0,19
2284,2284,2071.0,19
2285,2285,2070.0,19
2286,2286,2069.0,19
2287,2287,2068.0,19
2288,2288,2067.0,19
2289,2289,2066.0,19
2290,2290,2065.0,19
2291,2291,2064.0,19
2292,2292,2063.0,19
2293,2293,2062.0,19
2294,2294,2061.0,19
2295,2295,2060.0,19
2296,2296,2059.0,19
2297,2297,2058.0,19
2298,2298,2057.0,19
2299,2299,2056.0,19
2300,2300,2055.0,19
2301,2301,2054.0,19
2302,2302,2053.0,19
2303,2303,2052.0,19
2304,2304,2051.0,19
2305,2305,2050.0,19
2306,2306,2049.0,19
2307,2307,2048.0,19
2308,2308,2047.0,19
2309,2309,2046.0,19
2310,2310,2045.0,19
2311,2311,2044.0,19
2312,2312,2043.0,19
2313,2313,2042.0,19
2314,2314,2041.0,19
2315,2315,2040.0,19
2316,2316,2039.0,19
2317,2317,2038.0,19
2318,2318,2037.0,19
2319,2319,2036.0,19
2320,2320,2035.0,19
2321,2321,2034.0,19
2322,2322,2033.0,19
2323,2323,2032.0,19
2324,2324,2031.0,19
2325,2325,2030.0,19
2326,2326,2029.0,19
2327,2327,2028.0,19
2328,2328,2027.0,19
2329,2329,2026.0,19
2330,2330,2025.0,19
2331,2331,2024.0,19
2332,2332,2023.0,19
2333,2333,2022.0,19
2334,2334,2021.0,19
2335,2335,2020.0,19
2336,2336,2019.0,19
2337,2337,2018.0,19
2338,2338,2017.0,19
2339,2339,2016.0,19
2340,2340,2015.0,19
2341,2341,2014.0,19
2342,2342,2013.0,19
2343,2343,2012.0,19
2344,2344,2011.0,19
2345,2345,2010.0,19
2346,2346,2009.0,19
2347,2347,2008.0,19
2348,2348,2007.0,19
2349,2349,2006.0,19
2350,2350,2005.0,19
2351,2351,2004.0,19
2352,2352,2003.0,19
2353,2353,2002.0,19
2354,2354,2001.0,19
2355,2355,2000.0,19
2356,2356,1999.0,19
2357,2357,1998.0,19
2358,2358,1997.0,19
2359,2359,1996.0,19
2360,2360,1995.0,19
2361,2361,1994.0,19
2362,2362,1993.0,19
2363,2363,1992.0,19
2364,2364,1991.0,19
2365,2365,1990.0,19
2366,2366,1989.0,19
2367,2367,1988.0,19
2368,2368,1987.0,19
2369,2369,1986.0,19
2370,2370,1985.0,19
2371,2371,1984.0,19
2372,2372,1983.0,19
2373,2373,1982.0,19
2374,2374,1981.0,19
2375,2375,1980.0,19
2376,2376,1979.0,19
2377,2377,1978.0,19
2378,2378,1977.0,19
2379,2379,1976.0,19
2380,2380,1975.0,19
2381,2381,1974.0,19
2382,2382,1973.0,19
2383,2383,1972.0,19
2384,2384,1971.0,19
2385,2385,1970.0,19
2386,2386,1969.0,19
2387,2387,1968.0,19
2388,2388,1967.0,19
2389,2389,1966.0,19
2390,2390,1965.0,19
2391,2391,1964.0,19
2392,2392,1963.0,19
2393,2393,1962.0,19
2394,2394,1961.0,19
2395,2395,1960.0,19
2396,2396,1959.0,19
2397,2397,1958.0,19
2398,2398,1957.0,19
2399,2399,1956.0,19
2400,2400,1955.0,19
2401,2401,1954.0,19
2402,2402,1953.0,19
2403,2403,1952.0,19
2404,2404,1951.0,19
2405,2405,1950.0,19
2406,2406,1949.0,19
2407,2407,1948.0,19
2408,2408,1947.0,19
2409,2409,1946.0,19
2410,2410,1945.0,19
2411,2411,1944.0,19
2412,2412,1943.0,19
2413,2413,1942.0,19
2414,2414,1941.0,19
2415,2415,1940.0,19
2416,2416,1939.0,19
2417,2417,1938.0,19
2418,2418,1937.0,19
2419,2419,1936.0,19
2420,2420,1935.0,19
2421,2421,1934.0,19
2422,2422,1933.0,19
2423,2423,1932.0,19
2424,2424,1931.0,19
2425,2425,1930.0,19
2426,2426,1929.0,19
2427,2427,1928.0,19
2428,2428,1927.0,19
2429,2429,1926.0,19
2430,2430,1925.0,19
2431,2431,1924.0,19
2432,2432,1923.0,19
2433,2433,1922.0,19
2434,2434,1921.0,19
2435,2435,1920.0,19
2436,2436,1919.0,19
2437,2437,1918.0,19
2438,2438,1917.0,19
2439,2439,1916.0,19
2440,2440,1915.0,19
2441,2441,1914.0,19
2442,2442,1913.0,19
2443,2443,1912.0,19
2444,2444,1911.0,19
2445,2445,1910.0,19
2446,2446,1909.0,19
2447,2447,1908.0,19
2448,2448,1907.0,19
2449,2449,1906.0,19
2450,2450,1905.0,19
2451,2451,1904.0,19
2452,2452,1903.0,19
2453,2453,1902.0,19
2454,2454,1901.0,19
2455,2455,1900.0,19
2456,2456,1899.0,19
2457,2457,1898.0,19
2458,2458,1897.0,19
2459,2459,1896.0,19
2460,2460,1895.0,19
2461,2461,1894.0,19
2462,2462,1893.0,19
2463,2463,1892.0,19
2464,2464,1891.0,19
2465,2465,1890.0,19
2466,2466,1889.0,19
2467,2467,1888.0,19
2468,2468,1887.0,19
2469,2469,1886.0,19
2470,2470,1885.0,19
2471,2471,1884.0,19
2472,2472,1883.0,19
2473,2473,1882.0,19
2474,2474,1881.0,19
2475,2475,1880.0,19
2476,2476,1879.0,19
2477,2477,1878.0,19
2478,2478,1877.0,19
2479,2479,1876.0,19
2480,2480,1875.0,19
2481,2481,1874.0,19
2482,2482,1873.0,19
2483,2483,1872.0,19
2484,2484,1871.0,19
2485,2485,1870.0,19
2486,2486,1869.0,19
2487,2487,1868.0,19
2488,2488,1867.0,19
2489,2489,1866.0,19
2490,2490,1865.0,19
2491,2491,1864.0,19
2492,2492,1863.0,19
2493,2493,1862.0,19
2494,2494,1861.0,19
2495,2495,1860.0,19
2496,2496,1859.0,19
2497,2497,1858.0,19
2498,2498,1857.0,19
2499,2499,1856.0,19
2500,2500,1855.0,19
2501,2501,1854.0,19
2502,2502,1853.0,19
2503,2503,1852.0,19
2504,2504,1851.0,19
2505,2505,1850.0,19
2506,2506,1849.0,19
2507,2507,1848.0,19
2508,2508,1847.0,19
2509,2509,1846.0,19
2510,2510,1845.0,19
2511,2511,1844.0,19
2512,2512,1843.0,19
2513,2513,1842.0,19
2514,2514,1841.0,19
2515,2515,1840.0,19
2516,2516,1839.0,19
2517,2517,1838.0,19
2518,2518,1837.0,19
2519,2519,1836.0,19
2520,2520,1835.0,19
2521,2521,1834.0,19
2522,2522,1833.0,19
2523,2523,1832.0,19
2524,2524,1831.0,19
2525,2525,1830.0,19
2526,2526,1829.0,19
2527,2527,1828.0,19
2528,2528,1827.0,19
2529,2529,1826.0,19
2530,2530,1825.0,19
2531,2531,1824.0,19
2532,2532,1823.0,19
2533,2533,1822.0,19
2534,2534,1821.0,19
2535,2535,1820.0,19
2536,2536,1819.0,19
2537,2537,1818.0,19
2538,2538,1817.0,19
2539,2539,1816.0,19
2540,2540,1815.0,19
2541,2541,1814.0,19
2542,2542,1813.0,19
2543,2543,1812.0,19
2544,2544,1811.0,19
2545,2545,1810.0,19
2546,2546,1809.0,19
2547,2547,1808.0,19
2548,2548,1807.0,19
2549,2549,1806.0,19
2550,2550,1805.0,19
2551,2551,1804.0,19
2552,2552,1803.0,19
2553,2553,1802.0,19
2554,2554,1801.0,19
2555,2555,1800.0,19
2556,2556,1799.0,19
2557,2557,1798.0,19
2558,2558,1797.0,19
2559,2559,1796.0,19
2560,2560,1795.0,19
2561,2561,1794.0,19
2562,2562,1793.0,19
2563,2563,1792.0,19
2564,2564,1791.0,19
2565,2565,1790.0,19
2566,2566,1789.0,19
2567,2567,1788.0,19
2568,2568,1787.0,19
2569,2569,1786.0,19
2570,2570,1785.0,19
2571,2571,1784.0,19
2572,2572,1783.0,19
2573,2573,1782.0,19
2574,2574,1781.0,19
2575,2575,1780.0,19
2576,2576,1779.0,19
2577,2577,1778.0,19
2578,2578,1777.0,19
2579,2579,1776.0,19
2580,2580,1775.0,19
2581,2581,1774.0,19
2582,2582,1773.0,19
2583,2583,1772.0,19
2584,2584,1771.0,19
2585,2585,1770.0,19
2586,2586,1769.0,19
2587,2587,1768.0,19
2588,2588,1767.0,19
2589,2589,1766.0,19
2590,2590,1765.0,19
2591,2591,1764.0,19
2592,2592,1763.0,19
2593,2593,1762.0,19
2594,2594,1761.0,19
2595,2595,1760.0,19
2596,2596,1759.0,19
2597,2597,1758.0,19
2598,2598,1757.0,19
2599,2599,1756.0,19
2600,2600,1755.0,19
2601,2601,1754.0,19
2602,2602,1753.0,19
2603,2603,1752.0,19
2604,2604,1751.0,19
2605,2605,1750.0,19
2606,2606,1749.0,19
2607,2607,1748.0,19
2608,2608,1747.0,19
2609,2609,1746.0,19
2610,2610,1745.0,19
2611,2611,1744.0,19
2612,2612,1743.0,19
2613,2613,1742.0,19
2614,2614,1741.0,19
2615,2615,1740.0,19
2616,2616,1739.0,19
2617,2617,1738.0,19
2618,2618,1737.0,19
2619,2619,1736.0,19
2620,2620,1735.0,19
2621,2621,1734.0,19
2622,2622,1733.0,19
2623,2623,1732.0,19
2624,2624,1731.0,19
2625,2625,1730.0,19
2626,2626,1729.0,19
2627,2627,1728.0,19
2628,2628,1727.0,19
2629,2629,1726.0,19
2630,2630,1725.0,19
2631,2631,1724.0,19
2632,2632,1723.0,19
2633,2633,1722.0,19
2634,2634,1721.0,19
2635,2635,1720.0,19
2636,2636,1719.0,19
2637,2637,1718.0,19
2638,2638,1717.0,19
2639,2639,1716.0,19
2640,2640,1715.0,19
2641,2641,1714.0,19
2642,2642,1713.0,19
2643,2643,1712.0,19
2644,2644,1711.0,19
2645,2645,1710.0,19
2646,2646,1709.0,19
2647,2647,1708.0,19
2648,2648,1707.0,19
2649,2649,1706.0,19
2650,2650,1705.0,19
2651,2651,1704.0,19
2652,2652,1703.0,19
2653,2653,1702.0,19
2654,2654,1701.0,19
2655,2655,1700.0,19
2656,2656,1699.0,19
2657,2657,1698.0,19
2658,2658,1697.0,19
2659,2659,1696.0,19
2660,2660,1695.0,19
2661,2661,1694.0,19
2662,2662,1693.0,19
2663,2663,1692.0,19
2664,2664,1691.0,19
2665,2665,1690.0,19
2666,2666,1689.0,19
2667,2667,1688.0,19
2668,2668,1687.0,19
2669,2669,1686.0,19
2670,2670,1685.0,19
2671,2671,1684.0,19
2672,2672,1683.0,19
2673,2673,1682.0,19
2674,2674,1681.0,19
2675,2675,1680.0,19
2676,2676,1679.0,19
2677,2677,1678.0,19
2678,2678,1677.0,19
2679,2679,1676.0,19
2680,2680,1675.0,19
2681,2681,1674.0,19
2682,2682,1673.0,19
2683,2683,1672.0,19
2684,2684,1671.0,19
2685,2685,1670.0,19
2686,2686,1669.0,19
2687,2687,1668.0,19
2688,2688,1667.0,19
2689,2689,1666.0,19
2690,2690,1665.0,19
2691,2691,1664.0,19
2692,2692,1663.0,19
2693,2693,1662.0,19
2694,2694,1661.0,19
2695,2695,1660.0,19
2696,2696,1659.0,19
2697,2697,1658.0,19
2698,2698,1657.0,19
2699,2699,1656.0,19
2700,2700,1655.0,19
2701,2701,1654.0,19
2702,2702,1653.0,19
2703,2703,1652.0,19
2704,2704,1651.0,19
2705,2705,1650.0,19
2706,2706,1649.0,19
2707,2707,1648.0,19
2708,2708,1647.0,19
2709,2709,1646.0,19
2710,2710,1645.0,19
2711,2711,1644.0,19
2712,2712,1643.0,19
2713,2713,1642.0,19
2714,2714,1641.0,19
2715,2715,1640.0,19
2716,2716,1639.0,19
2717,2717,1638.0,19
2718,2718,1637.0,19
2719,2719,1636.0,19
2720,2720,1635.0,19
2721,2721,1634.0,19
2722,2722,1633.0,19
2723,2723,1632.0,19
2724,2724,1631.0,19
2725,2725,1630.0,19
2726,2726,1629.0,19
2727,2727,1628.0,19
2728,2728,1627.0,19
2729,2729,1626.0,19
2730,2730,1625.0,19
2731,2731,1624.0,19
2732,2732,1623.0,19
2733,2733,1622.0,19
2734,2734,1621.0,19
2735,2735,1620.0,19
2736,2736,1619.0,19
2737,2737,1618.0,19
2738,2738,1617.0,19
2739,2739,1616.0,19
2740,2740,1615.0,19
2741,2741,1614.0,19
2742,2742,1613.0,19
2743,2743,1612.0,19
2744,2744,1611.0,19
2745,2745,1610.0,19
2746,2746,1609.0,19
2747,2747,1608.0,19
2748,2748,1607.0,19
2749,2749,1606.0,19
2750,2750,1605.0,19
2751,2751,1604.0,19
2752,2752,1603.0,19
2753,2753,1602.0,19
2754,2754,1601.0,19
2755,2755,1600.0,19
2756,2756,1599.0,19
2757,2757,1598.0,19
2758,2758,1597.0,19
2759,2759,1596.0,19
2760,2760,1595.0,19
2761,2761,1594.0,19
2762,2762,1593.0,19
2763,2763,1592.0,19
2764,2764,1591.0,19
2765,2765,1590.0,19
2766,2766,1589.0,19
2767,2767,1588.0,19
2768,2768,1587.0,19
2769,2769,1586.0,19
2770,2770,1585.0,19
2771,2771,1584.0,19
2772,2772,1583.0,19
2773,2773,1582.0,19
2774,2774,1581.0,19
2775,2775,1580.0,19
2776,2776,1579.0,19
2777,2777,1578.0,19
2778,2778,1577.0,19
2779,2779,1576.0,19
2780,2780,1575.0,19
2781,2781,1574.0,19
2782,2782,1573.0,19
2783,2783,1572.0,19
2784,2784,1571.0,19
2785,2785,1570.0,19
2786,2786,1569.0,19
2787,2787,1568.0,19
2788,2788,1567.0,19
2789,2789,1566.0,19
2790,2790,1565.0,19
2791,2791,1564.0,19
2792,2792,1563.0,19
2793,2793,1562.0,19
2794,2794,1561.0,19
2795,2795,1560.0,19
2796,2796,1559.0,19
2797,2797,1558.0,19
2798,2798,1557.0,19
2799,2799,1556.0,19
2800,2800,1555.0,19
2801,2801,1554.0,19
2802,2802,1553.0,19
2803,2803,1552.0,19
2804,2804,1551.0,19
2805,2805,1550.0,19
2806,2806,1549.0,19
2807,2807,1548.0,19
2808,2808,1547.0,19
2809,2809,1546.0,19
2810,2810,1545.0,19
2811,2811,1544.0,19
2812,2812,1543.0,19
2813,2813,1542.0,19
2814,2814,1541.0,19
2815,2815,1540.0,19
2816,2816,1539.0,19
2817,2817,1538.0,19
2818,2818,1537.0,19
2819,2819,1536.0,19
2820,2820,1535.0,19
2821,2821,1534.0,19
2822,2822,1533.0,19
2823,2823,1532.0,19
2824,2824,1531.0,19
2825,2825,1530.0,19
2826,2826,1529.0,19
2827,2827,1528.0,19
2828,2828,1527.0,19
2829,2829,1526.0,19
2830,2830,1525.0,19
2831,2831,1524.0,19
2832,2832,1523.0,19
2833,2833,1522.0,19
2834,2834,1521.0,19
2835,2835,1520.0,19
2836,2836,1519.0,19
2837,2837,1518.0,19
2838,2838,1517.0,19
2839,2839,1516.0,19
2840,2840,1515.0,19
2841,2841,1514.0,19
2842,2842,1513.0,19
2843,2843,1512.0,19
2844,2844,1511.0,19
2845,2845,1510.0,19
2846,2846,1509.0,19
2847,2847,1508.0,19
2848,2848,1507.0,19
2849,2849,1506.0,19
2850,2850,1505.0,19
2851,2851,1504.0,19
2852,2852,1503.0,19
2853,2853,1502.0,19
2854,2854,1501.0,19
2855,2855,1500.0,19
2856,2856,1499.0,19
2857,2857,1498.0,19
2858,2858,1497.0,19
2859,2859,1496.0,19
2860,2860,1495.0,19
2861,2861,1494.0,19
2862,2862,1493.0,19
2863,2863,1492.0,19
2864,2864,1491.0,19
2865,2865,1490.0,19
2866,2866,1489.0,19
2867,2867,1488.0,19
2868,2868,1487.0,19
2869,2869,1486.0,19
2870,2870,1485.0,19
2871,2871,1484.0,19
2872,2872,1483.0,19
2873,2873,1482.0,19
2874,2874,1481.0,19
2875,2875,1480.0,19
2876,2876,1479.0,19
2877,2877,1478.0,19
2878,2878,1477.0,19
2879,2879,1476.0,19
2880,2880,1475.0,19
2881,2881,1474.0,19
2882,2882,1473.0,19
2883,2883,1472.0,19
2884,2884,1471.0,19
2885,2885,1470.0,19
2886,2886,1469.0,19
2887,2887,1468.0,19
2888,2888,1467.0,19
2889,2889,1466.0,19
2890,2890,1465.0,19
2891,2891,1464.0,19
2892,2892,1463.0,19
2893,2893,1462.0,19
2894,2894,1461.0,19
2895,2895,1460.0,19
2896,2896,1459.0,19
2897,2897,1458.0,19
2898,2898,1457.0,19
2899,2899,1456.0,19
2900,2900,1455.0,19
2901,2901,1454.0,19
2902,2902,1453.0,19
2903,2903,1452.0,19
2904,2904,1451.0,19
2905,2905,1450.0,19
2906,2906,1449.0,19
2907,2907,1448.0,19
2908,2908,1447.0,19
2909,2909,1446.0,19
2910,2910,1445.0,19
2911,2911,1444.0,19
2912,2912,1443.0,19
2913,2913,1442.0,19
2914,2914,1441.0,19
2915,2915,1440.0,19
2916,2916,1439.0,19
2917,2917,1438.0,19
2918,2918,1437.0,19
2919,2919,1436.0,19
2920,2920,1435.0,19
2921,2921,1434.0,19
2922,2922,1433.0,19
2923,2923,1432.0,19
2924,2924,1431.0,19
2925,2925,1430.0,19
2926,2926,1429.0,19
2927,2927,1428.0,19
2928,2928,1427.0,19
2929,2929,1426.0,19
2930,2930,1425.0,19
2931,2931,1424.0,19
2932,2932,1423.0,19
2933,2933,1422.0,19
2934,2934,1421.0,19
2935,2935,1420.0,19
2936,2936,1419.0,19
2937,2937,1418.0,19
2938,2938,1417.0,19
2939,2939,1416.0,19
2940,2940,1415.0,19
2941,2941,1414.0,19
2942,2942,1413.0,19
2943,2943,1412.0,19
2944,2944,1411.0,19
2945,2945,1410.0,19
2946,2946,1409.0,19
2947,2947,1408.0,19
2948,2948,1407.0,19
2949,2949,1406.0,19
2950,2950,1405.0,19
2951,2951,1404.0,19
2952,2952,1403.0,19
2953,2953,1402.0,19
2954,2954,1401.0,19
2955,2955,1400.0,19
2956,2956,1399.0,19
2957,2957,1398.0,19
2958,2958,1397.0,19
2959,2959,1396.0,19
2960,2960,1395.0,19
2961,2961,1394.0,19
2962,2962,1393.0,19
2963,2963,1392.0,19
2964,2964,1391.0,19
2965,2965,1390.0,19
2966,2966,1389.0,19
2967,2967,1388.0,19
2968,2968,1387.0,19
2969,2969,1386.0,19
2970,2970,1385.0,19
2971,2971,1384.0,19
2972,2972,1383.0,19
2973,2973,1382.0,19
2974,2974,1381.0,19
2975,2975,1380.0,19
2976,2976,1379.0,19
2977,2977,1378.0,19
2978,2978,1377.0,19
2979,2979,1376.0,19
2980,2980,1375.0,19
2981,2981,1374.0,19
2982,2982,1373.0,19
2983,2983,1372.0,19
2984,2984,1371.0,19
2985,2985,1370.0,19
2986,2986,1369.0,19
2987,2987,1368.0,19
2988,2988,1367.0,19
2989,2989,1366.0,19
2990,2990,1365.0,19
2991,2991,1364.0,19
2992,2992,1363.0,19
2993,2993,1362.0,19
2994,2994,1361.0,19
2995,2995,1360.0,19
2996,2996,1359.0,19
2997,2997,1358.0,19
2998,2998,1357.0,19
2999,2999,1356.0,19
3000,3000,1355.0,19
3001,3001,1354.0,19
3002,3002,1353.0,19
3003,3003,1352.0,19
3004,3004,1351.0,19
3005,3005,1350.0,19
3006,3006,1349.0,19
3007,3007,1348.0,19
3008,3008,1347.0,19
3009,3009,1346.0,19
3010,3010,1345.0,19
3011,3011,1344.0,19
3012,3012,1343.0,19
3013,3013,1342.0,19
3014,3014,1341.0,19
3015,3015,1340.0,19
3016,3016,1339.0,19
3017,3017,1338.0,19
3018,3018,1337.0,19
3019,3019,1336.0,19
3020,3020,1335.0,19
3021,3021,1334.0,19
3022,3022,1333.0,19
3023,3023,1332.0,19
3024,3024,1331.0,19
3025,3025,1330.0,19
3026,3026,1329.0,19
3027,3027,1328.0,19
3028,3028,1327.0,19
3029,3029,1326.0,19
3030,3030,1325.0,19
3031,3031,1324.0,19
3032,3032,1323.0,19
3033,3033,1322.0,19
3034,3034,1321.0,19
3035,3035,1320.0,19
3036,3036,1319.0,19
3037,3037,1318.0,19
3038,3038,1317.0,19
3039,3039,1316.0,19
3040,3040,1315.0,19
3041,3041,1314.0,19
3042,3042,1313.0,19
3043,3043,1312.0,19
3044,3044,1311.0,19
3045,3045,1310.0,19
3046,3046,1309.0,19
3047,3047,1308.0,19
3048,3048,1307.0,19
3049,3049,1306.0,19
3050,3050,1305.0,19
3051,3051,1304.0,19
3052,3052,1303.0,19
3053,3053,1302.0,19
3054,3054,1301.0,19
3055,3055,1300.0,19
3056,3056,1299.0,19
3057,3057,1298.0,19
3058,3058,1297.0,19
3059,3059,1296.0,19
3060,3060,1295.0,19
3061,3061,1294.0,19
3062,3062,1293.0,19
3063,3063,1292.0,19
3064,3064,1291.0,19
3065,3065,1290.0,19
3066,3066,1289.0,19
3067,3067,1288.0,19
3068,3068,1287.0,19
3069,3069,1286.0,19
3070,3070,1285.0,19
3071,3071,1284.0,19
3072,3072,1283.0,19
3073,3073,1282.0,19
3074,3074,1281.0,19
3075,3075,1280.0,19
3076,3076,1279.0,19
3077,3077,1278.0,19
3078,3078,1277.0,19
3079,3079,1276.0,19
3080,3080,1275.0,19
3081,3081,1274.0,19
3082,3082,1273.0,19
3083,3083,1272.0,19
3084,3084,1271.0,19
3085,3085,1270.0,19
3086,3086,1269.0,19
3087,3087,1268.0,19
3088,3088,1267.0,19
3089,3089,1266.0,19
3090,3090,1265.0,19
3091,3091,1264.0,19
3092,3092,1263.0,19
3093,3093,1262.0,19
3094,3094,1261.0,19
3095,3095,1260.0,19
3096,3096,1259.0,19
3097,3097,1258.0,19
3098,3098,1257.0,19
3099,3099,1256.0,19
3100,3100,1255.0,19
3101,3101,1254.0,19
3102,3102,1253.0,19
3103,3103,1252.0,19
3104,3104,1251.0,19
3105,3105,1250.0,19
3106,3106,1249.0,19
3107,3107,1248.0,19
3108,3108,1247.0,19
3109,3109,1246.0,19
3110,3110,1245.0,19
3111,3111,1244.0,19
3112,3112,1243.0,19
3113,3113,1242.0,19
3114,3114,1241.0,19
3115,3115,1240.0,19
3116,3116,1239.0,19
3117,3117,1238.0,19
3118,3118,1237.0,19
3119,3119,1236.0,19
3120,3120,1235.0,19
3121,3121,1234.0,19
3122,3122,1233.0,19
3123,3123,1232.0,19
3124,3124,1231.0,19
3125,3125,1230.0,19
3126,3126,1229.0,19
3127,3127,1228.0,19
3128,3128,1227.0,19
3129,3129,1226.0,19
3130,3130,1225.0,19
3131,3131,1224.0,19
3132,3132,1223.0,19
3133,3133,1222.0,19
3134,3134,1221.0,19
3135,3135,1220.0,19
3136,3136,1219.0,19
3137,3137,1218.0,19
3138,3138,1217.0,19
3139,3139,1216.0,19
3140,3140,1215.0,19
3141,3141,1214.0,19
3142,3142,1213.0,19
3143,3143,1212.0,19
3144,3144,1211.0,19
3145,3145,1210.0,19
3146,3146,1209.0,19
3147,3147,1208.0,19
3148,3148,1207.0,19
3149,3149,1206.0,19
3150,3150,1205.0,19
3151,3151,1204.0,19
3152,3152,1203.0,19
3153,3153,1202.0,19
3154,3154,1201.0,19
3155,3155,1200.0,19
3156,3156,1199.0,19
3157,3157,1198.0,19
3158,3158,1197.0,19
3159,3159,1196.0,19
3160,3160,1195.0,19
3161,3161,1194.0,19
3162,3162,1193.0,19
3163,3163,1192.0,19
3164,3164,1191.0,19
3165,3165,1190.0,19
3166,3166,1189.0,19
3167,3167,1188.0,19
3168,3168,1187.0,19
3169,3169,1186.0,19
3170,3170,1185.0,19
3171,3171,1184.0,19
3172,3172,1183.0,19
3173,3173,1182.0,19
3174,3174,1181.0,19
3175,3175,1180.0,19
3176,3176,1179.0,19
3177,3177,1178.0,19
3178,3178,1177.0,19
3179,3179,1176.0,19
3180,3180,1175.0,19
3181,3181,1174.0,19
3182,3182,1173.0,19
3183,3183,1172.0,19
3184,3184,1171.0,19
3185,3185,1170.0,19
3186,3186,1169.0,19
3187,3187,1168.0,19
3188,3188,1167.0,19
3189,3189,1166.0,19
3190,3190,1165.0,19
3191,3191,1164.0,19
3192,3192,1163.0,19
3193,3193,1162.0,19
3194,3194,1161.0,19
3195,3195,1160.0,19
3196,3196,1159.0,19
3197,3197,1158.0,19
3198,3198,1157.0,19
3199,3199,1156.0,19
3200,3200,1155.0,19
3201,3201,1154.0,19
3202,3202,1153.0,19
3203,3203,1152.0,19
3204,3204,1151.0,19
3205,3205,1150.0,19
3206,3206,1149.0,19
3207,3207,1148.0,19
3208,3208,1147.0,19
3209,3209,1146.0,19
3210,3210,1145.0,19
3211,3211,1144.0,19
3212,3212,1143.0,19
3213,3213,1142.0,19
3214,3214,1141.0,19
3215,3215,1140.0,19
3216,3216,1139.0,19
3217,3217,1138.0,19
3218,3218,1137.0,19
3219,3219,1136.0,19
3220,3220,1135.0,19
3221,3221,1134.0,19
3222,3222,1133.0,19
3223,3223,1132.0,19
3224,3224,1131.0,19
3225,3225,1130.0,19
3226,3226,1129.0,19
3227,3227,1128.0,19
3228,3228,1127.0,19
3229,3229,1126.0,19
3230,3230,1125.0,19
3231,3231,1124.0,19
3232,3232,1123.0,19
3233,3233,1122.0,19
3234,3234,1121.0,19
3235,3235,1120.0,19
3236,3236,1119.0,19
3237,3237,1118.0,19
3238,3238,1117.0,19
3239,3239,1116.0,19
3240,3240,1115.0,19
3241,3241,1114.0,19
3242,3242,1113.0,19
3243,3243,1112.0,19
3244,3244,1111.0,19
3245,3245,1110.0,19
3246,3246,1109.0,19
3247,3247,1108.0,19
3248,3248,1107.0,19
3249,3249,1106.0,19
3250,3250,1105.0,19
3251,3251,1104.0,19
3252,3252,1103.0,19
3253,3253,1102.0,19
3254,3254,1101.0,19
3255,3255,1100.0,19
3256,3256,1099.0,19
3257,3257,1098.0,19
3258,3258,1097.0,19
3259,3259,1096.0,19
3260,3260,1095.0,19
3261,3261,1094.0,19
3262,3262,1093.0,19
3263,3263,1092.0,19
3264,3264,1091.0,19
3265,3265,1090.0,19
3266,3266,1089.0,19
3267,3267,1088.0,19
3268,3268,1087.0,19
3269,3269,1086.0,19
3270,3270,1085.0,19
3271,3271,1084.0,19
3272,3272,1083.0,19
3273,3273,1082.0,19
3274,3274,1081.0,19
3275,3275,1080.0,19
3276,3276,1079.0,19
3277,3277,1078.0,19
3278,3278,1077.0,19
3279,3279,1076.0,19
3280,3280,1075.0,19
3281,3281,1074.0,19
3282,3282,1073.0,19
3283,3283,1072.0,19
3284,3284,1071.0,19
3285,3285,1070.0,19
3286,3286,1069.0,19
3287,3287,1068.0,19
3288,3288,1067.0,19
3289,3289,1066.0,19
3290,3290,1065.0,19
3291,3291,1064.0,19
3292,3292,1063.0,19
3293,3293,1062.0,19
3294,3294,1061.0,19
3295,3295,1060.0,19
3296,3296,1059.0,19
3297,3297,1058.0,19
3298,3298,1057.0,19
3299,3299,1056.0,19
3300,3300,1055.0,19
3301,3301,1054.0,19
3302,3302,1053.0,19
3303,3303,1052.0,19
3304,3304,1051.0,19
3305,3305,1050.0,19
3306,3306,1049.0,19
3307,3307,1048.0,19
3308,3308,1047.0,19
3309,3309,1046.0,19
3310,3310,1045.0,19
3311,3311,1044.0,19
3312,3312,1043.0,19
3313,3313,1042.0,19
3314,3314,1041.0,19
3315,3315,1040.0,19
3316,3316,1039.0,19
3317,3317,1038.0,19
3318,3318,1037.0,19
3319,3319,1036.0,19
3320,3320,1035.0,19
3321,3321,1034.0,19
3322,3322,1033.0,19
3323,3323,1032.0,19
3324,3324,1031.0,19
3325,3325,1030.0,19
3326,3326,1029.0,19
3327,3327,1028.0,19
3328,3328,1027.0,19
3329,3329,1026.0,19
3330,3330,1025.0,19
3331,3331,1024.0,19
3332,3332,1023.0,19
3333,3333,1022.0,19
3334,3334,1021.0,19
3335,3335,1020.0,19
3336,3336,1019.0,19
3337,3337,1018.0,19
3338,3338,1017.0,19
3339,3339,1016.0,19
3340,3340,1015.0,19
3341,3341,1014.0,19
3342,3342,1013.0,19
3343,3343,1012.0,19
3344,3344,1011.0,19
3345,3345,1010.0,19
3346,3346,1009.0,19
3347,3347,1008.0,19
3348,3348,1007.0,19
3349,3349,1006.0,19
3350,3350,1005.0,19
3351,3351,1004.0,19
3352,3352,1003.0,19
3353,3353,1002.0,19
3354,3354,1001.0,19
3355,3355,1000.0,19
