,of,item,id ov,ov,semana,data desejada,centro de trabalho,acabamento,blocos,ccs,virados,referência,semana minima,duração,semana precedencia,número de semanas,Código Material,Quantidade Material,Código Consumo,Quantidade Consumo,Descrição Consumo,Semana com mesma ref,aglomerado,c
0,385201578,80.0,20,3823001115.0,60,45,CNMLAMPL,Total,50.47,2304,0.0,"PL CI 5404/PAK 915X610X5,0 NE",47,470.4,47,1,70007034,1960.0,70007153,50.47,BL CI 5404/ORT 915X610X200 NE,-1,-1,0
1,385201561,80.0,20,3823001115.0,60,45,CNMEMBPL,Total,0.0,2304,0.0,"PL CI 5404/PAK 915X610X5,0 01",49,391.98,60,1,70005434,1960.0,70007034,1960.0,"PL CI 5404/PAK 915X610X5,0 NE",-1,-1,0
2,385201582,70.0,20,3823001115.0,60,45,CRMLAMRL,Total,0.0,2304,0.0,"RL CI 5404/000 1220X10,0 NE",59,240.89999999999998,47,1,70021800,220.8,70004155,3.382,CL CI 5404 1270X990 NE,-1,-1,0
3,385201557,70.0,20,3823001115.0,60,45,CRMRLMEI,Total,0.0,2304,0.0,"RL CI 5404/PAK 1220X10,0-4,6M 00",60,191.7,60,1,70004185,48.0,70021800,220.8,"RL CI 5404/000 1220X10,0 NE",-1,-1,0
4,385201580,60.0,20,3823001115.0,60,45,CRMLAMRL,Total,0.0,2304,0.0,"RL CR N711/000 1067X1,2 NE",59,148.26,47,1,70007973,496.0,70000910,2.74,CL CR N711 1067X635 NE,-1,-1,0
5,385201556,60.0,20,3823001115.0,60,45,CRMRLMEI,Total,0.0,2304,0.0,"RL CR N711/000 1067X1,2-31M 01",60,104.7,60,1,70002989,16.0,70007973,496.0,"RL CR N711/000 1067X1,2 NE",-1,-1,0
6,385201575,50.0,20,3823001115.0,60,45,CNMVSMRL,Total,0.0,2304,0.0,"RL CC 8210/000 1220X5,8-15,25M NE",47,94.74,47,1,70006612,64.0,70002820,6.586,CL CC 8210 1220X1100 NE,-1,-1,0
7,385201559,50.0,20,3823001115.0,60,45,CNMVSMEB,Total,0.0,2304,0.0,"RL CC 8210/000 1220X5,8-15,25M 01",48,94.74,60,1,70004316,64.0,70006612,64.0,"RL CC 8210/000 1220X5,8-15,25M NE",-1,-1,0
8,385201577,40.0,20,3823001115.0,60,45,CNMVSMRL,Total,0.0,2304,0.0,"RL CC 8244/PAK 1220X5,8-30,5M NE",47,13.620000000000001,47,1,70006896,4.0,70002818,0.808,CL CC 8244 1220X1100 NE,-1,-1,0
9,385201558,40.0,20,3823001115.0,60,45,CNMVSMEB,Total,0.0,2304,0.0,"RL CC 8244/PAK 1220X5,8-30,5M 00",47,13.620000000000001,60,1,70004308,4.0,70006896,4.0,"RL CC 8244/PAK 1220X5,8-30,5M NE",-1,-1,0
10,385201574,30.0,20,3823001115.0,60,45,CNMLAMPL,Total,807.992,2304,0.0,"PL CC 8403/000 915X610X12,5 NE",47,2215.38,47,1,70005776,12000.0,70012040,807.992,BL CC 8403/ORT 915X610X200 NE,-1,-1,0
11,385201555,30.0,20,3823001115.0,60,45,CNMEMBPL,Total,0.0,2304,0.0,"PL CC 8403/000 915X610X12,5 01",50,1500.0,60,1,70001797,12000.0,70005776,12000.0,"PL CC 8403/000 915X610X12,5 NE",-1,-1,0
12,385201573,20.0,20,3823001115.0,60,45,CNMLAMPL,Total,397.688,2304,0.0,"PL CC 8403/000 915X610X5,8 NE",47,1722.1200000000001,47,1,70005773,12600.0,70012040,397.688,BL CC 8403/ORT 915X610X200 NE,-1,-1,0
13,385201560,20.0,20,3823001115.0,60,45,CNMEMBPL,Total,0.0,2304,0.0,"PL CC 8403/000 915X610X5,8 00",49,726.9,60,1,70004334,12600.0,70005773,12600.0,"PL CC 8403/000 915X610X5,8 NE",-1,-1,0
14,385201602,10.0,20,3823001115.0,47,45,CCSSECME,Total,0.0,2304,0.0,"PL ML C275/PAK 915X610X9,5 NE",47,187.32,47,1,70009317,384.0,70009315,384.0,"PL ML C275/PAK 950X650X9,5 NE",-1,-1,0
15,385201554,10.0,20,3823001115.0,54,45,CCSEMBME,Total,0.0,2304,0.0,"PL ML C275/PAK 915X610X9,5 00",48,72.0,47,1,70000683,384.0,70009317,384.0,"PL ML C275/PAK 915X610X9,5 NE",-1,-1,0
16,385200484,110.0,19,3823001114.0,48,48,CNMLAMRL,Total,0.0,-1,0.0,"RL CI 5156/000 1000X1,7 NE",48,371.88,47,1,70014930,1718.64,70011908,4.869,CL CI 5156 1016X950 NE,-1,-1,0
17,385200352,110.0,19,3823001114.0,54,48,CCSHOTAC,Total,0.0,-1,0.0,"RL ML C257/000 1000X1,7 NE",48,184.8,48,1,70007848,1718.64,70014930,1718.64,"RL CI 5156/000 1000X1,7 NE",-1,-1,0
18,385200184,110.0,19,3823001114.0,54,48,CCSREBAC,Total,0.0,-1,0.0,"RL ML C257/000 1000X1,7-9,28M NE",48,403.2,54,1,70007847,168.0,70007848,1718.64,"RL ML C257/000 1000X1,7 NE",-1,-1,0
19,385200150,110.0,19,3823001114.0,54,48,CCSEBAAC,Total,0.0,-1,0.0,"RL ML C257/000 1000X1,7-9,28M 01",48,100.8,54,1,70007846,168.0,70007847,168.0,"RL ML C257/000 1000X1,7-9,28M NE",-1,-1,0
20,385200187,100.0,19,3823001114.0,59,48,CRMLAMRL,Total,0.0,-1,0.0,"RL CI 5404/000 1220X5,0 NE",59,210.29999999999998,47,1,70008343,441.6,70004155,3.237,CL CI 5404 1270X990 NE,-1,-1,0
21,385200135,100.0,19,3823001114.0,59,48,CRMRLMEI,Total,0.0,-1,0.0,"RL CI 5404/PAK 1220X5,0-9,2M 00",59,319.98,59,1,70004184,48.0,70008343,441.6,"RL CI 5404/000 1220X5,0 NE",-1,-1,0
22,385197455,90.0,19,3823001114.0,59,48,CRMRLMEI,Total,0.0,-1,0.0,"RL CI 5351/000 1220X1,2-23M 00",59,180.0,59,1,70001231,24.0,70000984,552.0,"RL CI 5351/000 1220X1,2 NE",-1,-1,0
23,385197557,90.0,19,3823001114.0,59,48,CRMLAMRL,Total,0.0,-1,0.0,"RL CI 5351/000 1220X1,2 NE",59,117.48,47,1,70000984,552.0,70000906,0.957,CL CI 5351 1245X990 NE,-1,-1,0
24,385198777,260.0,18,3823001113.0,48,48,CRMEMBIN,Total,6.0,-1,0.0,BL CR FP80/000 1270X660X152 01,48,6.0,47,1,70002781,6.0,70002051,6.0,BL CR FP80/000 1270X660X152 NE,-1,-1,0
25,385197773,240.0,18,3823001113.0,48,48,CRMEMBIN,Total,6.0,-1,0.0,BL CR S700/000 1270X760X152 02,48,6.0,47,1,70002489,6.0,70000820,6.0,BL CR S700/000 1270X760X152 NE,-1,-1,0
26,385199362,220.0,18,3823001113.0,48,48,CRMEMBIN,Total,6.0,-1,0.0,BL CR S602/000 1270X660X152 01,48,6.0,47,1,70002012,6.0,70001828,6.0,BL CR S602/000 1270X660X152 NE,-1,-1,0
27,385200289,210.0,18,3823001113.0,48,48,CRMEMBIN,Total,0.0,-1,0.0,CL CR NC60 1067X635 00,48,300.0,47,1,70001476,25.0,70001013,25.0,CL CR NC60 1067X635 NE,-1,-1,0
28,385198991,200.0,18,3823001113.0,48,48,CRMEMBIN,Total,6.0,-1,0.0,BL CR HC80/000 1270X660X152 00,48,6.0,47,1,70001433,6.0,70000779,6.0,BL CR HC80/000 1270X660X152 NE,-1,-1,0
29,385200216,190.0,18,3823001113.0,48,48,CRMEMBIN,Total,0.0,-1,0.0,CL CI 5015 1370X990 00,48,90.0,47,1,70001365,3.0,70000896,3.0,CL CI 5015 1370X990 NE,-1,-1,0
30,385200877,180.0,18,3823001113.0,48,48,CRMEMBIN,Total,0.0,-1,0.0,CL CR 1521 1092X762 00,48,288.90000000000003,47,1,70001319,13.0,70000915,13.0,CL CR 1521 1092X762 NE,-1,-1,0
31,385200215,170.0,18,3823001113.0,48,48,CRMEMBIN,Total,0.0,-1,0.0,CL CR 2549 1067X635 00,48,156.0,47,1,70001280,13.0,70000890,13.0,CL CR 2549 1067X635 NE,-1,-1,0
32,385197762,150.0,18,3823001113.0,48,48,CRMEMBIN,Total,36.0,-1,0.0,"BL CR D113/000 915X915X51,0 00",48,10.799999999999999,47,1,70001274,36.0,70000797,36.0,"BL CR D113/000 915X915X51,0 NE",-1,-1,0
33,385200288,140.0,18,3823001113.0,48,48,CRMEMBIN,Total,0.0,-1,0.0,CL CR N711 1067X635 00,48,0.12,47,1,70001230,8.0,70000910,8.0,CL CR N711 1067X635 NE,-1,-1,0
34,385200648,130.0,18,3823001113.0,48,48,CRMEMBIN,Total,48.0,-1,0.0,BL CR 2549/000 915X915X152 00,48,48.0,47,1,70001226,48.0,70000861,48.0,BL CR 2549/000 915X915X152 NE,-1,-1,0
35,385199354,120.0,18,3823001113.0,48,48,CRMEMBIN,Total,48.0,-1,0.0,BL CR 1521/000 1270X660X152 00,48,48.0,47,1,70001224,48.0,70000850,48.0,BL CR 1521/000 1270X660X152 NE,-1,-1,0
36,385200287,110.0,18,3823001113.0,48,48,CRMEMBIN,Total,0.0,-1,0.0,CL CR N710 1067X635 00,48,0.06,47,1,70001173,4.0,70000934,4.0,CL CR N710 1067X635 NE,-1,-1,0
37,385200214,100.0,18,3823001113.0,48,48,CRMEMBIN,Total,0.0,-1,0.0,CL CR N180 1067X635 00,48,26.64,47,1,70001172,2.0,70001024,2.0,CL CR N180 1067X635 NE,-1,-1,0
38,385198740,90.0,18,3823001113.0,48,48,CRMEMBIN,Total,12.0,-1,0.0,BL CR N709/000 915X915X152 00,48,12.0,47,1,70001171,12.0,70000793,12.0,BL CR N709/000 915X915X152 NE,-1,-1,0
39,385198041,80.0,18,3823001113.0,48,48,CRMEMBIN,Total,18.0,-1,0.0,BL CR D100/000 915X915X152 00,48,18.0,47,1,70001169,18.0,70000795,18.0,BL CR D100/000 915X915X152 NE,-1,-1,0
40,385200453,70.0,18,3823001113.0,48,48,CRMEMBIN,Total,6.0,-1,0.0,BL CR H70L/000 915X915X152 00,48,6.0,47,1,70001168,6.0,70000761,6.0,BL CR H70L/000 915X915X152 NE,-1,-1,0
41,385199578,60.0,18,3823001113.0,48,48,CRMEMBIN,Total,48.0,-1,0.0,BL CR 1521/000 1270X760X152 01,48,48.0,47,1,70001166,48.0,70000848,48.0,BL CR 1521/000 1270X760X152 NE,-1,-1,0
42,385200647,50.0,18,3823001113.0,48,48,CRMEMBIN,Total,12.0,-1,0.0,BL CR NC60/000 915X915X152 00,48,12.0,47,1,70001125,12.0,70000776,12.0,BL CR NC60/000 915X915X152 NE,-1,-1,0
43,385200286,40.0,18,3823001113.0,48,48,CRMEMBIN,Total,0.0,-1,0.0,CL CR H160 1067X635 00,48,218.16,47,1,70001052,20.0,70000909,20.0,CL CR H160 1067X635 NE,-1,-1,0
44,385200213,30.0,18,3823001113.0,48,48,CRMEMBIN,Total,0.0,-1,0.0,CL CI 5017 1370X990 00,47,0.0,47,1,70001050,1.0,70000903,1.0,CL CI 5017 1370X990 NE,-1,-1,0
45,385200285,20.0,18,3823001113.0,48,48,CRMEMBIN,Total,24.0,-1,0.0,BL CR SP74/000 915X915X152 00,48,24.0,47,1,70001049,24.0,70000767,24.0,BL CR SP74/000 915X915X152 NE,-1,-1,0
46,385197511,110.0,17,3823001109.0,47,45,CCSSECME,Total,0.0,2304,0.0,"PL CC 8004/000 915X305X2,0 01",47,164.70000000000002,47,1,70013969,4200.0,70004512,2100.0,"PL CC 8004/000 940X640X2,0 NE",-1,-1,0
47,385198105,110.0,17,3823001109.0,47,45,CNMLAMPL,Total,17.304,2304,0.0,"PL CC 8004/000 940X640X2,0 NE",47,181.86,47,1,70004512,2100.0,70001620,17.304,BL CC 8004/000 940X640X250 NE,-1,-1,0
48,385197517,40.0,16,3823000950.0,47,46,CNMVSMEB,Total,0.0,-1,0.0,"RL CC 8202/000 1220X6,0-25M 02",47,150.66,47,1,70015494,60.0,70009229,60.0,"RL CC 8202/000 1220X6,0-25M NE",-1,-1,1
49,385197641,40.0,16,3823000950.0,47,46,CNMVSMRL,Total,0.0,-1,0.0,"RL CC 8202/000 1220X6,0-25M NE",47,150.66,47,1,70009229,60.0,70003556,11.343,CL CC 8202 1220X1100 NE,-1,-1,1
50,385197480,30.0,15,3823000949.0,48,48,CNMLAMPL,Total,30.301,-1,0.0,"PL CC 8747/000 1000X500X9,7 01",48,112.86,47,1,70003187,630.0,70012012,30.301,BL CC 8747/ORT 1000X500X210 NE,-1,-1,0
51,385197478,20.0,15,3823000949.0,48,48,CNMLAMPL,Total,30.3,-1,0.0,"PL CC 8747/000 1000X500X19,8 02",48,109.08,47,1,70003028,300.0,70012012,30.3,BL CC 8747/ORT 1000X500X210 NE,-1,-1,0
52,385197477,10.0,15,3823000949.0,48,48,CNMSERPL,Total,60.6,-1,0.0,"PL CC 8747/000 1000X500X29,8 01",48,360.0,47,1,70002998,360.0,70012012,60.6,BL CC 8747/ORT 1000X500X210 NE,-1,-1,0
53,385197599,40.0,14,3823000941.0,47,46,CNMLAMRL,Total,0.0,-1,0.0,"RL CC 8210/000 1000X9,8-10M NE",47,180.0,47,1,70006567,24.0,70003128,2.964,CL CC 8210 1000X1100 NE,-1,-1,0
54,385197506,40.0,14,3823000941.0,47,46,CNMEMBRL,Total,0.0,-1,0.0,"RL CC 8210/000 1000X9,8-10M 04",47,41.160000000000004,47,1,70005477,24.0,70006567,24.0,"RL CC 8210/000 1000X9,8-10M NE",-1,-1,0
55,385197659,10.0,13,3823000934.0,49,48,CNMLAMPL,Total,186.225,-1,0.0,"PL CC 8402/000 915X610X5,8 NE",48,855.12,47,1,70023770,6000.0,70005514,186.225,BL CC 8402/ORT 915X610X200 NE,-1,-1,0
56,385197522,10.0,13,3823000934.0,49,48,CNMEMBPL,Total,0.0,-1,0.0,"PL CC 8402/000 915X610X5,8 01",49,360.0,49,1,70023769,6000.0,70023770,6000.0,"PL CC 8402/000 915X610X5,8 NE",-1,-1,0
57,385197573,10.0,12,3823000928.0,49,46,CNMLAMPL,Total,410.484,-1,0.0,"PL CC 8002/000 915X610X6,0 NE",47,2255.1,47,1,70005565,16500.0,70005496,410.484,BL CC 8002/ORT 915X610X250 NE,-1,-1,0
58,385197497,10.0,12,3823000928.0,49,46,CNMEMBPL,Total,0.0,-1,0.0,"PL CC 8002/000 915X610X6,0 09",49,951.9,49,1,70004915,16500.0,70005565,16500.0,"PL CC 8002/000 915X610X6,0 NE",-1,-1,0
59,385197575,10.0,11,3823000925.0,49,46,CNMLAMPL,Total,422.813,-1,0.0,"PL CC 8002/000 915X610X12,0 NE",47,1742.94,47,1,70005571,8250.0,70005496,422.813,BL CC 8002/ORT 915X610X250 NE,-1,-1,0
60,385197498,10.0,11,3823000925.0,49,46,CNMEMBPL,Total,0.0,-1,0.0,"PL CC 8002/000 915X610X12,0 28",49,1031.28,49,1,70004916,8250.0,70005571,8250.0,"PL CC 8002/000 915X610X12,0 NE",-1,-1,0
61,385197658,40.0,10,3823000917.0,49,46,CNMLAMLX,Total,17.466,-1,0.0,"PL CC 8004/S21 940X640X5,0 NE",47,103.98,47,1,70023391,780.0,70001620,17.466,BL CC 8004/000 940X640X250 NE,-1,-1,0
62,385197518,40.0,10,3823000917.0,49,46,CNMEMBPL,Total,0.0,-1,0.0,"PL CC 8004/S21 940X640X5,0 01",49,78.0,49,1,70023364,780.0,70023391,780.0,"PL CC 8004/S21 940X640X5,0 NE",-1,-1,0
63,385197588,30.0,10,3823000917.0,49,46,CNMLAMLX,Total,6.182,-1,0.0,"PL CC 8004/S11 940X640X8,0 NE",47,30.84,47,1,70006016,180.0,70005850,6.182,BL CC 8004/ORT 940X640X250 NE,48,-1,0
64,385197473,30.0,10,3823000917.0,49,46,CNMEMBPL,Total,0.0,-1,0.0,"PL CC 8004/S11 940X640X8,0 01",49,13.5,49,1,70002761,180.0,70006016,180.0,"PL CC 8004/S11 940X640X8,0 NE",48,-1,0
65,385197586,20.0,10,3823000917.0,49,46,CNMLAMLX,Total,3.963,-1,0.0,"PL CC 8004/S11 940X640X6,0 NE",47,19.98,47,1,70006014,150.0,70005850,3.963,BL CC 8004/ORT 940X640X250 NE,48,-1,0
66,385197472,20.0,10,3823000917.0,49,46,CNMEMBPL,Total,0.0,-1,0.0,"PL CC 8004/S11 940X640X6,0 02",49,8.639999999999999,49,1,70002758,150.0,70006014,150.0,"PL CC 8004/S11 940X640X6,0 NE",48,-1,0
67,385197587,10.0,10,3823000917.0,49,46,CNMLAMLX,Total,5.091,-1,0.0,"PL CC 8004/S11 940X640X7,0 NE",47,28.799999999999997,47,1,70006015,168.0,70005850,5.091,BL CC 8004/ORT 940X640X250 NE,48,-1,0
68,385197471,10.0,10,3823000917.0,49,46,CNMEMBPL,Total,0.0,-1,0.0,"PL CC 8004/S11 940X640X7,0 02",49,11.46,49,1,70002757,168.0,70006015,168.0,"PL CC 8004/S11 940X640X7,0 NE",48,-1,0
69,385201563,10.0,9,3820016509.0,59,45,CRMRLMEI,Total,0.0,-1,0.0,"RL CR 2549/000 1000X6,0-11M BB",59,51.0,59,1,70014285,6.0,70007553,66.0,"RL CR 2549/000 1000X6,0 NE",-1,-1,0
70,385201579,10.0,9,3820016509.0,59,45,CRMLAMRL,Total,0.0,-1,0.0,"RL CR 2549/000 1000X6,0 NE",59,54.72,47,1,70007553,66.0,70000927,1.075,CL CR 2549 1092X762 NE,-1,-1,0
71,385197521,50.0,8,3820016492.0,49,47,CNMEMBPL,Total,0.0,-1,0.0,"PL CC 8058/PTH 1000X500X10,0 05",49,16.860000000000003,49,1,70023689,180.0,70005688,180.0,"PL CC 8058/PTH 1000X500X10,0 NE",-1,-1,0
72,385197581,50.0,8,3820016492.0,49,47,CNMLAMPL,Total,8.786,-1,0.0,"PL CC 8058/PTH 1000X500X10,0 NE",47,32.160000000000004,47,1,70005688,180.0,70005525,8.786,BL CC 8058/ORT 1000X500X210 NE,-1,-1,0
73,385197579,40.0,8,3820016492.0,49,47,CNMLAMPL,Total,13.129,-1,0.0,"PL CC 8058/PTH 1000X500X8,0 NE",47,55.980000000000004,47,1,70005686,333.0,70005525,13.129,BL CC 8058/ORT 1000X500X210 NE,-1,-1,0
74,385197461,40.0,8,3820016492.0,49,47,CNMEMBPL,Total,0.0,-1,0.0,"PL CC 8058/PTH 1000X500X8,0 01",49,24.959999999999997,49,1,70001956,333.0,70005686,333.0,"PL CC 8058/PTH 1000X500X8,0 NE",-1,-1,0
75,385197580,30.0,8,3820016492.0,49,47,CNMLAMPL,Total,10.254,-1,0.0,"PL CC 8058/PTH 1000X500X6,0 NE",47,47.82,47,1,70005687,350.0,70005525,10.254,BL CC 8058/ORT 1000X500X210 NE,-1,-1,0
76,385197462,30.0,8,3820016492.0,49,47,CNMEMBPL,Total,0.0,-1,0.0,"PL CC 8058/PTH 1000X500X6,0 01",49,20.220000000000002,49,1,70001957,350.0,70005687,350.0,"PL CC 8058/PTH 1000X500X6,0 NE",-1,-1,0
77,385197578,20.0,8,3820016492.0,49,47,CNMLAMPL,Total,5.914,-1,0.0,"PL CC 8058/PTH 1000X500X4,0 NE",47,31.62,47,1,70005684,300.0,70005525,5.914,BL CC 8058/ORT 1000X500X210 NE,-1,-1,0
78,385197460,20.0,8,3820016492.0,49,47,CNMEMBPL,Total,0.0,-1,0.0,"PL CC 8058/PTH 1000X500X4,0 01",49,11.82,49,1,70001954,300.0,70005684,300.0,"PL CC 8058/PTH 1000X500X4,0 NE",-1,-1,0
79,385197510,10.0,8,3820016492.0,49,47,CNMEMBPL,Total,0.0,-1,0.0,"PL CC 8058/PTH 1000X500X3,0 01",49,3.0,49,1,70011335,100.0,70005683,100.0,"PL CC 8058/PTH 1000X500X3,0 NE",-1,-1,0
80,385197577,10.0,8,3820016492.0,49,47,CNMLAMPL,Total,1.465,-1,0.0,"PL CC 8058/PTH 1000X500X3,0 NE",47,9.66,47,1,70005683,100.0,70005525,1.465,BL CC 8058/ORT 1000X500X210 NE,-1,-1,0
81,385197595,10.0,7,3820016491.0,50,48,CRMLAMPL,Total,11.853,-1,0.0,"PL CR 1521/000 1000X1000X4,0 NE",48,146.45999999999998,47,1,70006399,418.0,70000854,11.853,BL CR 1521/000 1000X1000X152 NE,-1,-1,0
82,385197481,10.0,7,3820016491.0,50,48,CRMEMBPL,Total,0.0,-1,0.0,"PL CR 1521/000 1000X1000X4,0 SE",50,44.58,50,1,70003224,418.0,70006399,418.0,"PL CR 1521/000 1000X1000X4,0 NE",-1,-1,0
83,385200369,20.0,6,3820016489.0,68,47,CRMSER05,Total,4.667,-1,0.0,BL CR 6400/000 1270X500X152 NE,66,18.66,47,1,70025280,9.334,70000875,4.667,BL CR 6400/000 1270X1040X152 NE,-1,-1,0
84,385200260,20.0,6,3820016489.0,68,47,CRMSER19,Total,9.334,-1,0.0,"PL CR 6400/000 1270X500X42,0 NE",66,55.980000000000004,68,1,70025238,28.0,70025280,9.334,BL CR 6400/000 1270X500X152 NE,-1,-1,0
85,385200197,20.0,6,3820016489.0,68,47,CRMLIXPL,Total,0.0,-1,0.0,"PL CR 6400/S21 1270X500X40,0 NE",66,33.6,68,1,70025237,28.0,70025238,28.0,"PL CR 6400/000 1270X500X42,0 NE",-1,-1,0
86,385200130,20.0,6,3820016489.0,68,47,CRMEMBPL,Total,0.0,-1,0.0,"PL CR 6400/S21 1270X500X40,0 02",66,16.8,68,1,70002136,28.0,70025237,28.0,"PL CR 6400/S21 1270X500X40,0 NE",-1,-1,0
87,385201752,10.0,6,3820016489.0,68,47,CRMSER05,Total,3.334,-1,0.0,BL CR S112/000 1270X500X152 NE,66,13.32,47,1,70024059,6.667,70000872,3.334,BL CR S112/000 1270X1040X152 NE,-1,-1,0
88,385200257,10.0,6,3820016489.0,68,47,CRMLIXPL,Total,0.0,-1,0.0,"PL CR S112/S21 1270X500X35,0 NE",47,24.0,68,1,70014632,20.0,70006491,20.0,"PL CR S112/000 1270X500X35,0 NE",-1,-1,0
89,385200349,10.0,6,3820016489.0,68,47,CRMSER19,Total,6.667,-1,0.0,"PL CR S112/000 1270X500X35,0 NE",47,40.02,68,1,70006491,20.0,70024059,6.667,BL CR S112/000 1270X500X152 NE,-1,-1,0
90,385200131,10.0,6,3820016489.0,68,47,CRMEMBPL,Total,0.0,-1,0.0,"PL CR S112/PV1 1270X500X35,0 00",47,10.020000000000001,68,1,70002813,20.0,70014632,20.0,"PL CR S112/S21 1270X500X35,0 NE",-1,-1,0
91,385197512,10.0,5,3820016483.0,68,51,CRMEMBPL,Total,0.0,-1,0.0,"PL CR S112/PV1 320X210X20,0 01",68,2.1599999999999997,68,1,70014232,62.0,70013789,62.0,"PL CR S112/PV1 320X210X20,0 NE",-1,-1,0
92,385197648,10.0,5,3820016483.0,68,51,CRMSER05,Total,0.0,-1,0.0,"PL CR S112/PV1 320X210X20,0 NE",66,66.42,68,1,70013789,62.0,70003761,8.0,"PL CR S112/PV1 915X915X20,0 NE",-1,-1,0
93,385197789,10.0,5,3820016483.0,68,51,CRMLAMPL,Printing + Manual,1.166,-1,0.0,"PL CR S112/PV1 915X915X20,0 NE",53,7.98,47,1,70003761,8.0,70001134,1.166,BL CR S112/000 915X915X152 NE,-1,-1,0
94,385197688,30.0,4,3820016479.0,53,45,CCSJATAG,Total,0.0,2304,0.0,"JT CR 1310/PT1 TSB-26 10,0 NE",53,873.3599999999999,53,2,71005271,131.0,70003710,66.0,"PL CR 1310/PT1 1270X1040X10,0 NE",-1,-1,0
95,385197536,30.0,4,3820016479.0,52,45,CCSEMBJT,Total,0.0,2304,0.0,"JT CR 1310/PT1 TSB-26 10,0 01",52,26.22,53,1,71005270,131.0,71005271,131.0,"JT CR 1310/PT1 TSB-26 10,0 NE",-1,-1,0
96,385197788,30.0,4,3820016479.0,53,45,CRMLAMPL,Printing + Manual,4.528,2304,0.0,"PL CR 1310/PT1 1270X1040X10,0 NE",53,74.7,47,1,70003710,66.0,70001568,4.528,BL CR 1310/000 1270X1040X152 NE,-1,-1,0
97,385197687,20.0,4,3820016479.0,53,45,CCSJATAG,Total,0.0,2304,0.0,"JT CR 1310/PT1 TSB-25 10,0 NE",53,1032.0,53,2,71005269,172.0,70003710,86.0,"PL CR 1310/PT1 1270X1040X10,0 NE",-1,-1,0
98,385197535,20.0,4,3820016479.0,52,45,CCSEMBJT,Total,0.0,2304,0.0,"JT CR 1310/PT1 TSB-25 10,0 01",52,34.379999999999995,53,1,71005268,172.0,71005269,172.0,"JT CR 1310/PT1 TSB-25 10,0 NE",-1,-1,0
99,385197787,20.0,4,3820016479.0,53,45,CRMLAMPL,Printing + Manual,5.9,2304,0.0,"PL CR 1310/PT1 1270X1040X10,0 NE",53,97.38,47,1,70003710,86.0,70001568,5.9,BL CR 1310/000 1270X1040X152 NE,-1,-1,0
100,385197686,10.0,4,3820016479.0,53,45,CCSJATAG,Total,0.0,2304,0.0,"JT CR 1310/PT1 TSB-24 10,0 NE",53,829.0799999999999,53,1,71005267,152.0,70003710,76.0,"PL CR 1310/PT1 1270X1040X10,0 NE",-1,-1,0
101,385197786,10.0,4,3820016479.0,53,45,CRMLAMPL,Printing + Manual,5.214,2304,0.0,"PL CR 1310/PT1 1270X1040X10,0 NE",53,86.03999999999999,47,1,70003710,76.0,70001568,5.214,BL CR 1310/000 1270X1040X152 NE,-1,-1,0
102,385197444,180.0,3,3820016475.0,47,47,CCSSECME,Total,0.0,2304,0.0,"PL CC 8405/S21 630X94X25,0 01",47,97.32000000000001,47,1,70000391,480.0,70000276,54.0,"PL CC 8405/S21 940X640X25,0 NE",-1,-1,0
103,385198334,180.0,3,3820016475.0,47,47,CNMLAMLX,Total,6.072,2304,0.0,"PL CC 8405/S21 940X640X25,0 NE",47,17.04,47,1,70000276,54.0,70005847,6.072,BL CC 8405/ORT 940X640X250 NE,-1,-1,0
104,385197769,170.0,3,3820016475.0,47,47,CNMLAMLX,Total,4.554,2304,0.0,"PL CC 8405/S21 940X640X20,0 NE",47,17.04,47,1,70002083,54.0,70005847,4.554,BL CC 8405/ORT 940X640X250 NE,-1,-1,0
105,385197443,170.0,3,3820016475.0,47,47,CCSSECME,Total,0.0,2304,0.0,"PL CC 8405/S21 630X94X20,0 01",47,81.12,47,1,70000386,480.0,70002083,54.0,"PL CC 8405/S21 940X640X20,0 NE",-1,-1,0
106,385197457,160.0,3,3820016475.0,47,47,CCSSECME,Total,0.0,2304,0.0,"PL CC 8303/000 610X130X10,0 01",47,62.52,47,1,70001656,348.0,70000031,50.0,"PL CC 8303/000 940X640X10,0 NE",-1,-1,0
107,385197736,160.0,3,3820016475.0,47,47,CNMLAMPL,Total,2.022,2304,0.0,"PL CC 8303/000 940X640X10,0 NE",47,11.1,47,1,70000031,50.0,70001625,2.022,BL CC 8303/000 940X640X250 NE,-1,-1,0
108,385197450,150.0,3,3820016475.0,47,47,CCSSECME,Total,0.0,2304,0.0,"PL CC 8003/000 640X115X5,0 01",47,61.62,47,1,70000996,1440.0,70000022,206.0,"PL CC 8003/000 940X640X5,0 NE",-1,-1,0
109,385198008,150.0,3,3820016475.0,47,47,CNMLAMPL,Total,4.256,2304,0.0,"PL CC 8003/000 940X640X5,0 NE",47,28.139999999999997,47,1,70000022,206.0,70001618,4.256,BL CC 8003/000 940X640X250 NE,-1,-1,0
110,385198221,10.0,2,3820016455.0,59,50,CRMLAMRL,Total,0.0,-1,0.0,"RL CR S112/2T9 1067X5,0 NE",59,217.74,47,1,70024034,125.19,70000911,3.269,CL CR S112 1067X635 NE,-1,-1,0
111,385197515,10.0,2,3820016455.0,59,50,CRMEMBPL,Total,0.0,-1,0.0,"RL CR S112/2T9 50X5,0-13M SC",50,15.540000000000001,59,1,70014274,140.0,70006242,140.0,"RL CR S112/2T9 50X5,0-13M NE",-1,-1,0
112,385197855,10.0,2,3820016455.0,59,50,CRMRLMEI,Total,0.0,-1,0.0,"RL CR S112/2T9 1067X5,0-13M NE",59,90.0,59,1,70006840,9.0,70024034,125.19,"RL CR S112/2T9 1067X5,0 NE",-1,-1,0
113,385197593,10.0,2,3820016455.0,59,50,CRMSER19,Total,0.0,-1,0.0,"RL CR S112/2T9 50X5,0-13M NE",50,280.02,59,1,70006242,140.0,70006840,9.0,"RL CR S112/2T9 1067X5,0-13M NE",-1,-1,0
114,385197944,10.0,1,3820016454.0,48,45,CCSCMEAC,Total,0.0,2304,0.0,"PL ML C242/000 940X640X5,0 NE",47,374.40000000000003,48,1,70024563,624.0,70004729,624.0,"PL CC 8004/000 940X640X5,0 NE",-1,-1,0
115,385197661,10.0,1,3820016454.0,48,45,CCSBALJT,Total,0.0,2304,0.0,"PL ML C242/000 915X610X5,0 NE",47,90.0,48,1,70024313,600.0,70024563,624.0,"PL ML C242/000 940X640X5,0 NE",-1,-1,0
116,385197520,10.0,1,3820016454.0,48,45,CCSEMBME,Total,0.0,2304,0.0,"PL ML C242/000 915X610X5,0 01",48,30.0,48,1,70023573,600.0,70024313,600.0,"PL ML C242/000 915X610X5,0 NE",-1,-1,0
117,385198106,10.0,1,3820016454.0,48,45,CNMLAMPL,Total,12.855,2304,0.0,"PL CC 8004/000 940X640X5,0 NE",47,85.26,47,1,70004729,624.0,70001620,12.855,BL CC 8004/000 940X640X250 NE,-1,-1,0
118,385200193,20.0,0,3820016242.0,52,45,CRMLAMPL,Total,0.022,-1,0.0,"PL CR GT33/000 1000X1000X1,0 NE",48,1.5,47,1,70009638,3.0,70000838,0.022,BL CR GT33/000 1000X1000X152 NE,-1,-1,0
119,385200122,20.0,0,3820016242.0,52,45,CRMEMBPL,Total,0.0,-1,0.0,"PL CR GT33/000 1000X1000X1,0 00",52,0.06,52,1,70001044,3.0,70009638,3.0,"PL CR GT33/000 1000X1000X1,0 NE",-1,-1,0
120,385200333,10.0,0,3820016242.0,52,45,CRMLAMPL,Total,0.071,-1,0.0,"PL CR GT33/000 1000X1000X2,0 NE",48,1.92,47,1,70004211,5.0,70000838,0.071,BL CR GT33/000 1000X1000X152 NE,-1,-1,0
121,385200121,10.0,0,3820016242.0,52,45,CRMEMBPL,Total,0.0,-1,0.0,"PL CR GT33/000 1000X1000X2,0 00",52,0.24,52,1,70001041,5.0,70004211,5.0,"PL CR GT33/000 1000X1000X2,0 NE",-1,-1,0
