,Ordem Venda / TransferÃªncia,data_substituir,semana
0,3820000029.0,2021-11-20,46
1,3820001353.0,2021-11-19,46
2,3820002904.0,2021-11-27,47
3,3820003933.0,2021-12-29,52
4,3820004731.0,2021-11-26,47
5,3820005155.0,2021-11-27,47
6,3820005228.0,2021-11-27,47
7,3820006088.0,2021-12-31,52
8,3820006601.0,2021-11-26,47
9,3820006817.0,2021-12-29,52
10,3820006830.0,2021-12-03,48
11,3820006831.0,2021-11-20,46
12,3820006878.0,2021-11-26,47
13,3820007110.0,2021-12-18,50
14,3820007163.0,2021-12-11,49
15,3820007537.0,2021-11-19,46
16,3820007783.0,2021-11-27,47
17,3820007784.0,2021-12-25,51
18,3820008073.0,2021-11-12,45
19,3820008147.0,2021-10-29,43
20,3820009057.0,2021-10-18,42
21,3820009060.0,2021-12-10,49
22,3820009061.0,2021-12-09,49
23,3820009062.0,2021-12-09,49
24,3820009713.0,2021-11-19,46
25,3820009871.0,2021-11-05,44
26,3820009873.0,2021-11-19,46
27,3820009881.0,2021-12-17,50
28,3820010012.0,2021-11-05,44
29,3820010015.0,2021-12-17,50
30,3820010108.0,2021-12-03,48
31,3820010138.0,2021-11-11,45
32,3820010234.0,2021-11-26,47
33,3820010602.0,2021-11-19,46
34,3820010619.0,2021-11-25,47
35,3820010620.0,2021-12-31,52
36,3820010721.0,2021-12-31,52
37,3820010910.0,2021-12-03,48
38,3820011021.0,2021-10-29,43
39,3820011097.0,2021-11-19,46
40,3820011163.0,2021-11-27,47
41,3820011199.0,2021-11-20,46
42,3820011272.0,2021-12-03,48
43,3820011350.0,2021-11-27,47
44,3820011387.0,2021-11-18,46
45,3820011393.0,2021-12-18,50
46,3820011500.0,2021-12-24,51
47,3820011502.0,2021-11-26,47
48,3820011545.0,2021-12-24,51
49,3820011571.0,2021-11-26,47
50,3820011742.0,2021-11-26,47
51,3820011743.0,2021-12-10,49
52,3820011744.0,2021-11-20,46
53,3820011745.0,2021-11-20,46
54,3820011876.0,2021-11-26,47
55,3820012131.0,2021-11-19,46
56,3820012159.0,2021-10-30,43
57,3820012281.0,2021-11-25,47
58,3820012349.0,2021-11-26,47
59,3820012455.0,2021-11-19,46
60,3820012456.0,2021-12-17,50
61,3820012469.0,2021-12-08,49
62,3820012563.0,2021-10-30,43
63,3820012566.0,2021-11-20,46
64,3820012633.0,2021-11-20,46
65,3820012634.0,2021-12-17,50
66,3820012685.0,2021-11-20,46
67,3820012699.0,2021-11-17,46
68,3820012710.0,2021-12-04,48
69,3820012716.0,2021-10-30,43
70,3820012755.0,2021-11-26,47
71,3820012803.0,2021-10-19,42
72,3820012921.0,2021-11-19,46
73,3820012923.0,2021-12-23,51
74,3820012963.0,2021-10-23,42
75,3820012975.0,2021-12-18,50
76,3820013022.0,2021-11-26,47
77,3820013024.0,2021-12-03,48
78,3820013025.0,2021-11-19,46
79,3820013026.0,2021-11-19,46
80,3820013027.0,2021-12-03,48
81,3820013028.0,2021-11-26,47
82,3820013029.0,2021-12-03,48
83,3820013030.0,2021-12-10,49
84,3820013031.0,2021-12-10,49
85,3820013072.0,2021-12-03,48
86,3820013165.0,2021-11-26,47
87,3820013221.0,2021-10-27,43
88,3820013228.0,2021-12-17,50
89,3820013234.0,2021-11-20,46
90,3820013235.0,2021-12-11,49
91,3820013265.0,2021-12-17,50
92,3820013310.0,2021-10-16,41
93,3820013318.0,2021-12-18,50
94,3820013344.0,2021-11-26,47
95,3820013350.0,2021-10-08,40
96,3820013400.0,2021-10-08,40
97,3820013403.0,2021-11-20,46
98,3820013447.0,2021-10-19,42
99,3820013450.0,2021-12-24,51
100,3820013533.0,2021-10-22,42
101,3820013678.0,2021-12-10,49
102,3820013692.0,2021-11-13,45
103,3820013702.0,2021-10-30,43
104,3820013726.0,2021-10-01,39
105,3820013758.0,2021-11-05,44
106,3820013788.0,2021-11-26,47
107,3820013791.0,2021-11-05,44
108,3820013795.0,2021-10-23,42
109,3820013815.0,2021-11-19,46
110,3820013826.0,2021-11-20,46
111,3820013866.0,2021-12-03,48
112,3820013871.0,2021-12-10,49
113,3820013892.0,2021-11-19,46
114,3820013893.0,2021-10-19,42
115,3820013907.0,2021-10-16,41
116,3820013917.0,2021-11-12,45
117,3820013941.0,2021-11-04,44
118,3820013945.0,2021-12-03,48
119,3820013952.0,2021-10-22,42
120,3820013964.0,2021-12-18,50
121,3820014012.0,2021-12-11,49
122,3820014022.0,2021-11-20,46
123,3820014029.0,2021-11-17,46
124,3820014042.0,2021-11-19,46
125,3820014067.0,2021-12-04,48
126,3820014086.0,2021-11-19,46
127,3820014121.0,2021-12-03,48
128,3820014126.0,2021-11-19,46
129,3820014131.0,2021-11-20,46
130,3820014133.0,2021-11-27,47
131,3820014142.0,2021-11-05,44
132,3820014144.0,2021-12-04,48
133,3820014145.0,2021-12-04,48
134,3820014148.0,2021-11-27,47
135,3820014149.0,2021-11-27,47
136,3820014154.0,2021-12-03,48
137,3820014159.0,2021-11-27,47
138,3820014164.0,2021-11-19,46
139,3820014165.0,2021-12-04,48
140,3820014189.0,2021-11-25,47
141,3820014195.0,2021-12-04,48
142,3820014198.0,2021-11-20,46
143,3820014199.0,2021-11-24,47
144,3820014203.0,2021-10-09,40
145,3820014207.0,2021-12-04,48
146,3820014208.0,2021-11-26,47
147,3820014216.0,2021-12-04,48
148,3820014249.0,2021-11-18,46
149,3820014253.0,2021-11-26,47
150,3820014283.0,2021-10-30,43
151,3820014292.0,2021-10-15,41
152,3820014295.0,2021-11-06,44
153,3820014298.0,2021-11-25,47
154,3820014302.0,2021-11-27,47
155,3820014303.0,2021-11-26,47
156,3820014322.0,2021-12-04,48
157,3820014335.0,2021-11-13,45
158,3820014355.0,2021-10-22,42
159,3820014367.0,2021-11-13,45
160,3820014381.0,2021-12-17,50
161,3820014383.0,2021-12-11,49
162,3820014385.0,2021-12-03,48
163,3820014386.0,2021-12-03,48
164,3820014405.0,2021-11-20,46
165,3820014406.0,2021-12-03,48
166,3820014408.0,2021-12-04,48
167,3820014409.0,2021-11-19,46
168,3820014413.0,2021-11-13,45
169,3820014418.0,2021-10-09,40
170,3820014424.0,2021-12-10,49
171,3820014433.0,2021-11-27,47
172,3820014473.0,2021-11-20,46
173,3820014477.0,2021-11-13,45
174,3820014522.0,2021-11-17,46
175,3820014523.0,2021-11-20,46
176,3820014525.0,2021-11-19,46
177,3820014526.0,2021-11-19,46
178,3820014527.0,2021-11-26,47
179,3820014553.0,2021-10-29,43
180,3820014554.0,2021-11-26,47
181,3820014571.0,2021-12-02,48
182,3820014575.0,2021-11-19,46
183,3820014595.0,2021-12-03,48
184,3820014599.0,2021-12-18,50
185,3820014608.0,2021-12-04,48
186,3820014613.0,2021-12-03,48
187,3820014614.0,2021-10-30,43
188,3820014617.0,2021-11-27,47
189,3820014620.0,2021-12-03,48
190,3820014623.0,2021-12-03,48
191,3820014624.0,2021-12-11,49
192,3820014635.0,2021-11-05,44
193,3820014637.0,2021-12-03,48
194,3820014638.0,2021-11-13,45
195,3820014649.0,2021-12-03,48
196,3820014655.0,2021-11-27,47
197,3820014684.0,2021-11-19,46
198,3820014693.0,2021-11-19,46
199,3820014694.0,2021-11-26,47
200,3820014695.0,2021-11-26,47
201,3820014696.0,2021-11-12,45
202,3820014701.0,2021-12-11,49
203,3820014704.0,2021-11-13,45
204,3820014737.0,2021-11-19,46
205,3820014739.0,2021-11-12,45
206,3820014740.0,2021-12-11,49
207,3820014744.0,2021-12-11,49
208,3820014760.0,2021-12-08,49
209,3820014761.0,2021-12-01,48
210,3820014763.0,2021-12-30,52
211,3820014807.0,2021-12-18,50
212,3820014821.0,2021-12-24,51
213,3820014823.0,2021-11-20,46
214,3820014843.0,2021-11-12,45
215,3820014846.0,2021-11-26,47
216,3820014861.0,2021-11-27,47
217,3820014873.0,2021-11-19,46
218,3820014904.0,2021-12-17,50
219,3820014908.0,2021-12-10,49
220,3820014931.0,2021-11-02,44
221,3820014933.0,2021-11-20,46
222,3820014934.0,2021-12-17,50
223,3820014950.0,2021-11-20,46
224,3820014975.0,2021-11-27,47
225,3820014979.0,2021-12-17,50
226,3820014981.0,2021-12-17,50
227,3820014988.0,2021-12-11,49
228,3820014993.0,2021-11-19,46
229,3820014995.0,2021-12-11,49
230,3820014996.0,2021-11-27,47
231,3820015007.0,2021-11-25,47
232,3820015010.0,2021-12-04,48
233,3820015015.0,2021-12-24,51
234,3820015016.0,2021-11-12,45
235,3820015020.0,2021-12-11,49
236,3820015021.0,2021-11-26,47
237,3820015023.0,2021-12-18,50
238,3820015024.0,2021-12-18,50
239,3820015030.0,2021-12-24,51
240,3820015033.0,2021-11-20,46
241,3820015039.0,2021-10-09,40
242,3820015040.0,2021-11-12,45
243,3820015067.0,2021-11-20,46
244,3820015068.0,2021-11-27,47
245,3820015070.0,2021-12-24,51
246,3820015082.0,2021-11-19,46
247,3820015098.0,2021-12-18,50
248,3820015102.0,2021-12-18,50
249,3820015105.0,2021-11-27,47
250,3820015107.0,2021-12-24,51
251,3820015113.0,2021-11-27,47
252,3820015115.0,2021-12-04,48
253,3820015117.0,2021-12-18,50
254,3820015120.0,2021-12-03,48
255,3820015122.0,2021-11-05,44
256,3820015123.0,2021-12-24,51
257,3820015124.0,2021-10-30,43
258,3820015141.0,2021-11-27,47
259,3820015145.0,2021-11-19,46
260,3820015155.0,2021-11-19,46
261,3820015170.0,2021-11-26,47
262,3820015173.0,2021-11-27,47
263,3820015174.0,2021-12-17,50
264,3820015179.0,2021-11-20,46
265,3820015182.0,2021-11-20,46
266,3820015183.0,2021-11-27,47
267,3820015184.0,2021-11-27,47
268,3820015188.0,2021-12-24,51
269,3820015189.0,2021-11-27,47
270,3820015195.0,2021-11-20,46
271,3820015211.0,2021-12-17,50
272,3820015212.0,2021-11-26,47
273,3820015213.0,2021-11-26,47
274,3820015215.0,2021-11-27,47
275,3820015218.0,2021-11-27,47
276,3820015220.0,2021-11-26,47
277,3820015237.0,2021-11-27,47
278,3820015239.0,2021-11-27,47
279,3820015241.0,2021-11-26,47
280,3820015242.0,2021-12-18,50
281,3820015244.0,2021-12-23,51
282,3820015245.0,2021-12-18,50
283,3820015258.0,2021-12-24,51
284,3820015280.0,2021-12-25,51
285,3820015282.0,2021-11-05,44
286,3820015284.0,2021-12-04,48
287,3820015285.0,2021-11-20,46
288,3820015286.0,2021-11-05,44
289,3820015288.0,2021-12-04,48
290,3820015291.0,2021-11-06,44
291,3820015298.0,2021-12-17,50
292,3820015299.0,2021-12-24,51
293,3820015301.0,2021-12-25,51
294,3820015302.0,2021-10-30,43
295,3820015317.0,2021-12-18,50
296,3820015322.0,2021-11-25,47
297,3820015323.0,2021-10-22,42
298,3820015325.0,2021-11-20,46
299,3820015326.0,2021-11-06,44
300,3820015327.0,2021-12-18,50
301,3820015331.0,2021-10-23,42
302,3820015336.0,2021-11-26,47
303,3820015340.0,2021-11-27,47
304,3820015343.0,2021-11-26,47
305,3820015344.0,2021-11-20,46
306,3820015345.0,2021-11-20,46
307,3820015346.0,2021-11-26,47
308,3820015351.0,2021-11-19,46
309,3820015358.0,2021-11-25,47
310,3820015359.0,2021-11-19,46
311,3820015365.0,2021-10-29,43
312,3820015366.0,2021-12-11,49
313,3820015367.0,2021-12-11,49
314,3820015374.0,2021-11-27,47
315,3820015376.0,2021-12-04,48
316,3820015377.0,2021-11-27,47
317,3820015380.0,2021-12-18,50
318,3820015382.0,2021-11-27,47
319,3820015383.0,2021-11-27,47
320,3820015388.0,2021-12-04,48
321,3820015389.0,2021-12-18,50
322,3820015469.0,2021-12-10,49
323,3820015471.0,2021-12-11,49
324,3820015476.0,2021-11-27,47
325,3820015478.0,2021-11-26,47
326,3820015484.0,2021-12-04,48
327,3820015486.0,2021-12-04,48
328,3820015492.0,2021-11-30,48
329,3820015494.0,2021-12-15,50
330,3820015500.0,2021-11-27,47
331,3820015525.0,2021-12-04,48
332,3820015526.0,2021-11-19,46
333,3820015527.0,2021-11-18,46
334,3820015530.0,2021-12-04,48
335,3820015531.0,2021-12-04,48
336,3820015532.0,2021-12-04,48
337,3820015533.0,2021-11-27,47
338,3820015535.0,2021-11-20,46
339,3820015536.0,2021-12-11,49
340,3820015540.0,2021-11-26,47
341,3820015555.0,2021-11-27,47
342,3820015558.0,2021-11-27,47
343,3820015559.0,2021-11-13,45
344,3820015560.0,2021-11-13,45
345,3820015562.0,2021-11-27,47
346,3820015563.0,2021-12-11,49
347,3820015564.0,2021-11-26,47
348,3820015568.0,2021-11-19,46
349,3820015571.0,2021-11-27,47
350,3820015574.0,2021-11-27,47
351,3820015590.0,2021-11-27,47
352,3820015597.0,2021-12-11,49
353,3820015599.0,2021-12-11,49
354,3820015601.0,2021-12-11,49
355,3820015606.0,2021-11-26,47
356,3820015610.0,2021-12-11,49
357,3820015618.0,2021-11-26,47
358,3820015619.0,2021-12-11,49
359,3820015629.0,2021-12-11,49
360,3820015632.0,2021-11-20,46
361,3820015634.0,2021-11-26,47
362,3820015636.0,2021-12-17,50
363,3820015659.0,2021-11-26,47
364,3820015660.0,2021-11-27,47
365,3820015665.0,2021-12-17,50
366,3820015667.0,2021-12-04,48
367,3820015668.0,2021-11-27,47
368,3820015669.0,2021-12-18,50
369,3820015673.0,2021-12-11,49
370,3820015678.0,2021-12-11,49
371,3820015680.0,2021-11-25,47
372,3820015682.0,2021-11-26,47
373,3820015684.0,2021-11-19,46
374,3820015686.0,2021-11-26,47
375,3820015687.0,2021-11-19,46
376,3820015708.0,2021-12-11,49
377,3820015713.0,2021-12-24,51
378,3820015717.0,2021-11-26,47
379,3820015723.0,2021-12-03,48
380,3820015733.0,2021-12-18,50
381,3820015735.0,2021-12-03,48
382,3820015740.0,2021-12-03,48
383,3820015741.0,2021-11-27,47
384,3820015745.0,2021-11-19,46
385,3820015747.0,2021-12-04,48
386,3820015749.0,2021-11-16,46
387,3820015755.0,2021-11-20,46
388,3820015756.0,2021-11-19,46
389,3820015757.0,2021-11-26,47
390,3820015758.0,2021-12-04,48
391,3820015759.0,2021-12-17,50
392,3820015762.0,2021-12-18,50
393,3820015765.0,2021-11-27,47
394,3820015766.0,2021-12-17,50
395,3820015767.0,2021-11-27,47
396,3820015771.0,2021-12-18,50
397,3820015773.0,2021-11-19,46
398,3820015775.0,2021-11-19,46
399,3820015778.0,2021-11-26,47
400,3820015779.0,2021-11-26,47
401,3820015781.0,2021-12-18,50
402,3820015785.0,2021-12-18,50
403,3820015803.0,2021-12-11,49
404,3820015804.0,2021-12-24,51
405,3820015805.0,2021-12-11,49
406,3820015806.0,2021-12-04,48
407,3820015811.0,2021-12-18,50
408,3820015813.0,2021-11-27,47
409,3820015815.0,2021-12-11,49
410,3820015822.0,2021-12-04,48
411,3820015826.0,2021-12-04,48
412,3820015829.0,2021-12-02,48
413,3820015832.0,2021-12-11,49
414,3820015835.0,2021-11-20,46
415,3820015836.0,2021-11-27,47
416,3820015838.0,2021-11-27,47
417,3820015839.0,2021-11-26,47
418,3820015841.0,2021-11-26,47
419,3820015843.0,2021-12-25,51
420,3820015847.0,2021-12-11,49
421,3820015848.0,2021-12-18,50
422,3820015879.0,2021-12-18,50
423,3820015880.0,2021-11-19,46
424,3820015882.0,2021-12-25,51
425,3820015887.0,2021-11-27,47
426,3820015904.0,2021-11-27,47
427,3820015909.0,2021-11-25,47
428,3820015914.0,2021-12-25,51
429,3820015917.0,2021-11-20,46
430,3820015918.0,2021-11-27,47
431,3820015922.0,2021-12-18,50
432,3820015923.0,2021-11-27,47
433,3820015925.0,2021-11-26,47
434,3820015942.0,2021-12-18,50
435,3820015947.0,2021-11-26,47
436,3820015948.0,2021-12-10,49
437,3820015953.0,2021-12-18,50
438,3820015954.0,2021-12-25,51
439,3820015955.0,2021-12-25,51
440,3820015958.0,2021-12-25,51
441,3820015971.0,2021-11-27,47
442,3820015972.0,2021-11-27,47
443,3820015973.0,2021-11-27,47
444,3820015976.0,2021-11-25,47
445,3820015981.0,2021-11-27,47
446,3820015984.0,2021-12-25,51
447,3820015987.0,2021-12-25,51
448,3820015997.0,2021-12-03,48
449,3820016002.0,2021-12-11,49
450,3820016006.0,2021-12-04,48
451,3820016007.0,2021-11-27,47
452,3820016009.0,2021-11-19,46
453,3820016010.0,2021-12-18,50
454,3820016014.0,2021-12-16,50
455,3820016034.0,2021-11-27,47
456,3820016036.0,2021-12-17,50
457,3820016060.0,2021-11-20,46
458,3820016062.0,2021-11-27,47
459,3820016063.0,2021-11-19,46
460,3820016065.0,2021-12-25,51
461,3820016069.0,2021-11-26,47
462,3820016071.0,2021-12-18,50
463,3820016072.0,2021-12-11,49
464,3820016073.0,2021-11-27,47
465,3820016074.0,2021-11-27,47
466,3820016075.0,2021-12-24,51
467,3820016076.0,2021-12-24,51
468,3820016078.0,2021-12-25,51
469,3820016079.0,2021-12-25,51
470,3820016086.0,2021-12-19,50
471,3820016088.0,2021-12-25,51
472,3820016089.0,2021-12-18,50
473,3820016090.0,2021-11-27,47
474,3820016091.0,2021-11-27,47
475,3820016107.0,2021-11-20,46
476,3820016108.0,2021-11-26,47
477,3820016113.0,2021-12-25,51
478,3820016115.0,2021-12-18,50
479,3820016116.0,2021-12-18,50
480,3820016117.0,2021-11-19,46
481,3820016134.0,2021-11-19,46
482,3820016135.0,2021-12-11,49
483,3820016136.0,2021-12-11,49
484,3820016137.0,2021-12-11,49
485,3820016138.0,2021-12-11,49
486,3820016139.0,2021-11-26,47
487,3820016143.0,2021-11-27,47
488,3820016144.0,2021-11-26,47
489,3820016147.0,2021-11-26,47
490,3820016149.0,2021-12-10,49
491,3820016152.0,2021-12-04,48
492,3820016153.0,2021-12-04,48
493,3820016154.0,2021-12-18,50
494,3820016155.0,2021-11-20,46
495,3820016157.0,2021-11-27,47
496,3820016165.0,2021-11-27,47
497,3820016167.0,2021-12-11,49
498,3820016169.0,2021-11-20,46
499,3820016178.0,2021-12-04,48
500,3820016179.0,2021-12-03,48
501,3820016206.0,2021-12-11,49
502,3820016210.0,2021-11-27,47
503,3820016211.0,2021-11-20,46
504,3820016213.0,2021-11-27,47
505,3820016214.0,2021-11-27,47
506,3820016216.0,2021-12-25,51
507,3820016217.0,2021-12-25,51
508,3820016218.0,2021-12-25,51
509,3820016232.0,2021-12-11,49
510,3820016234.0,2021-11-26,47
511,3820016236.0,2021-12-10,49
512,3820016238.0,2021-11-20,46
513,3820016240.0,2021-11-27,47
514,3820016241.0,2021-12-25,51
515,3820016244.0,2021-12-25,51
516,3820016245.0,2021-12-25,51
517,3820016248.0,2021-12-03,48
518,3820016252.0,2021-12-03,48
519,3820016253.0,2021-12-25,51
520,3820016260.0,2021-11-26,47
521,3820016276.0,2021-11-26,47
522,3820016277.0,2021-12-04,48
523,3820016282.0,2021-11-26,47
524,3820016286.0,2021-12-25,51
525,3820016303.0,2021-11-29,48
526,3820016305.0,2021-12-03,48
527,3820016312.0,2021-11-20,46
528,3820016318.0,2021-12-04,48
529,3820016320.0,2021-11-27,47
530,3820016330.0,2021-12-03,48
531,3820016335.0,2021-11-27,47
532,3820016340.0,2021-12-11,49
533,3820016344.0,2021-12-02,48
534,3820016345.0,2021-12-11,49
535,3820016346.0,2021-12-03,48
536,3820016347.0,2021-11-26,47
537,3820016348.0,2021-12-22,51
538,3820016349.0,2021-12-04,48
539,3820016351.0,2021-12-04,48
540,3820016352.0,2021-12-18,50
541,3820016353.0,2021-12-04,48
542,3820016375.0,2021-12-11,49
543,3820016376.0,2021-12-11,49
544,3820016377.0,2021-12-03,48
545,3820016379.0,2021-12-03,48
546,3820016380.0,2021-12-11,49
547,3820016382.0,2021-12-10,49
548,3820016383.0,2021-11-26,47
549,3820016388.0,2021-12-18,50
550,3820016394.0,2021-11-26,47
551,3820016410.0,2021-12-10,49
552,3820016411.0,2021-12-10,49
553,3820016412.0,2021-12-10,49
554,3820016413.0,2021-11-27,47
555,3820016424.0,2021-12-04,48
556,3820016426.0,2021-11-18,46
557,3820016429.0,2021-11-26,47
558,3820016433.0,2021-11-18,46
559,3820016450.0,2021-11-18,46
560,3820016454.0,2021-12-11,49
561,3820016459.0,2021-11-26,47
562,3820016475.0,2021-12-04,48
563,3820016476.0,2021-12-11,49
564,3820016479.0,2021-12-04,48
565,3823000348.0,2021-12-17,50
566,3823000504.0,2021-10-22,42
567,3823000571.0,2021-11-13,45
568,3823000575.0,2021-10-29,43
569,3823000582.0,2021-10-28,43
570,3823000587.0,2021-12-31,52
571,3823000589.0,2021-11-20,46
572,3823000605.0,2021-11-26,47
573,3823000609.0,2021-11-26,47
574,3823000610.0,2021-11-05,44
575,3823000620.0,2021-10-08,40
576,3823000629.0,2021-10-19,42
577,3823000637.0,2021-12-25,51
578,3823000659.0,2021-11-05,44
579,3823000660.0,2021-10-21,42
580,3823000689.0,2021-11-26,47
581,3823000701.0,2021-11-26,47
582,3823000704.0,2021-11-05,44
583,3823000706.0,2021-10-21,42
584,3823000707.0,2021-11-27,47
585,3823000710.0,2021-11-19,46
586,3823000718.0,2021-11-19,46
587,3823000719.0,2021-11-19,46
588,3823000720.0,2021-10-22,42
589,3823000721.0,2021-11-26,47
590,3823000723.0,2021-11-26,47
591,3823000734.0,2021-11-20,46
592,3823000738.0,2021-11-19,46
593,3823000739.0,2021-12-10,49
594,3823000740.0,2021-11-19,46
595,3823000749.0,2021-11-26,47
596,3823000750.0,2021-11-27,47
597,3823000759.0,2021-12-03,48
598,3823000760.0,2021-12-03,48
599,3823000761.0,2021-11-27,47
600,3823000763.0,2021-12-10,49
601,3823000764.0,2021-11-13,45
602,3823000767.0,2021-12-04,48
603,3823000768.0,2021-11-27,47
604,3823000769.0,2021-11-19,46
605,3823000770.0,2021-11-13,45
606,3823000771.0,2021-12-11,49
607,3823000774.0,2021-11-26,47
608,3823000777.0,2021-11-13,45
609,3823000780.0,2021-11-26,47
610,3823000785.0,2021-11-26,47
611,3823000786.0,2021-11-26,47
612,3823000787.0,2021-11-20,46
613,3823000790.0,2021-11-13,45
614,3823000791.0,2021-11-19,46
615,3823000794.0,2021-11-26,47
616,3823000798.0,2021-12-24,51
617,3823000799.0,2021-12-25,51
618,3823000802.0,2021-11-27,47
619,3823000803.0,2021-12-11,49
620,3823000805.0,2021-11-20,46
621,3823000809.0,2021-11-20,46
622,3823000812.0,2021-12-10,49
623,3823000813.0,2021-11-26,47
624,3823000814.0,2021-12-16,50
625,3823000816.0,2021-10-16,41
626,3823000817.0,2021-11-19,46
627,3823000818.0,2021-11-20,46
628,3823000821.0,2021-12-02,48
629,3823000823.0,2021-12-24,51
630,3823000824.0,2021-11-20,46
631,3823000827.0,2021-12-03,48
632,3823000830.0,2021-12-04,48
633,3823000831.0,2021-12-11,49
634,3823000832.0,2021-11-20,46
635,3823000835.0,2021-11-27,47
636,3823000836.0,2021-12-18,50
637,3823000837.0,2021-12-11,49
638,3823000838.0,2021-11-27,47
639,3823000839.0,2021-11-27,47
640,3823000840.0,2021-12-04,48
641,3823000841.0,2021-12-04,48
642,3823000843.0,2021-11-27,47
643,3823000850.0,2021-12-11,49
644,3823000851.0,2021-12-11,49
645,3823000852.0,2021-12-18,50
646,3823000853.0,2021-12-18,50
647,3823000854.0,2021-12-10,49
648,3823000856.0,2021-12-25,51
649,3823000857.0,2021-11-20,46
650,3823000859.0,2021-12-24,51
651,3823000860.0,2021-11-26,47
652,3823000863.0,2021-11-27,47
653,3823000868.0,2021-12-18,50
654,3823000869.0,2021-12-25,51
655,3823000871.0,2021-11-20,46
656,3823000872.0,2021-12-25,51
657,3823000873.0,2021-10-30,43
658,3823000876.0,2021-11-26,47
659,3823000877.0,2021-11-27,47
660,3823000880.0,2021-12-18,50
661,3823000882.0,2021-11-27,47
662,3823000883.0,2021-12-25,51
663,3823000884.0,2021-11-20,46
664,3823000886.0,2021-11-20,46
665,3823000887.0,2021-11-03,44
666,3823000888.0,2021-11-27,47
667,3823000889.0,2021-11-03,44
668,3823000890.0,2021-11-03,44
669,3823000891.0,2021-11-03,44
670,3823000892.0,2021-11-03,44
671,3823000896.0,2021-11-03,44
672,3823000898.0,2021-11-03,44
673,3823000899.0,2021-12-25,51
674,3823000900.0,2021-12-25,51
675,3823000901.0,2021-12-18,50
676,3823000902.0,2021-11-27,47
677,3823000904.0,2021-12-10,49
678,3823000905.0,2021-11-19,46
679,3823000909.0,2021-11-27,47
680,3823000910.0,2021-12-04,48
681,3823000911.0,2021-12-11,49
682,3823000912.0,2021-11-13,45
683,3823000918.0,2021-11-19,46
684,3823000921.0,2021-12-25,51
685,3823000922.0,2021-12-04,48
686,3823000924.0,2021-11-27,47
687,3823000926.0,2021-11-26,47
688,3823000930.0,2021-11-20,46
689,3823000931.0,2021-12-25,51
690,3823000933.0,2021-12-10,49
691,3823000935.0,2021-12-17,50
692,3823000939.0,2021-11-27,47
693,3823000940.0,2021-12-25,51
694,3823000945.0,2021-12-11,49
695,3823000946.0,2021-11-16,46
696,3823000947.0,2021-11-19,46
697,3823000948.0,2021-11-19,46
698,3823000949.0,2021-12-09,49
699,3823000951.0,2021-12-10,49
700,3823000952.0,2021-11-20,46
701,3823000960.0,2021-12-10,49
702,3823000962.0,2021-11-26,47
703,3823000966.0,2021-11-27,47
704,3823000967.0,2021-12-18,50
705,3823000968.0,2021-12-11,49
706,3823000977.0,2021-11-20,46
707,3823000978.0,2021-11-27,47
708,3823000979.0,2021-11-27,47
709,3823000982.0,2021-11-24,47
710,3823000984.0,2021-12-04,48
711,3823000986.0,2021-12-11,49
712,3823000987.0,2021-12-18,50
713,3823001006.0,2021-11-26,47
714,3823001008.0,2021-11-26,47
715,3823001009.0,2021-11-26,47
716,3823001010.0,2021-11-26,47
717,3823001011.0,2021-11-26,47
718,3823001012.0,2021-11-26,47
719,3823001013.0,2021-11-26,47
720,3823001014.0,2021-12-09,49
721,3823001015.0,2021-12-03,48
722,3823001017.0,2021-11-26,47
723,3823001018.0,2021-12-03,48
724,3823001019.0,2021-11-12,45
725,3823001020.0,2021-12-03,48
726,3823001022.0,2021-12-03,48
727,3823001023.0,2021-12-03,48
728,3823001024.0,2021-12-03,48
729,3823001025.0,2021-12-03,48
730,3823001026.0,2021-12-10,49
731,3823001027.0,2021-12-03,48
732,3823001028.0,2021-12-10,49
733,3823001029.0,2021-12-17,50
734,3823001031.0,2021-12-10,49
735,3823001034.0,2021-12-10,49
736,3823001036.0,2021-12-10,49
737,3823001038.0,2021-12-10,49
738,3823001039.0,2021-12-10,49
739,3823001040.0,2021-12-10,49
740,3823001045.0,2021-12-11,49
741,3823001049.0,2021-11-19,46
742,3823001050.0,2021-12-17,50
743,3823001051.0,2021-12-04,48
744,3823001052.0,2021-11-09,45
745,3823001053.0,2021-11-27,47
746,3823001055.0,2021-11-20,46
747,3823001058.0,2021-12-11,49
748,3823001059.0,2021-11-27,47
749,3823001060.0,2021-11-27,47
750,3823001061.0,2021-12-11,49
751,3823001064.0,2021-11-20,46
752,3823001066.0,2021-11-26,47
753,3823001067.0,2021-11-27,47
754,3823001068.0,2021-11-27,47
755,3823001069.0,2021-11-27,47
756,3823001070.0,2021-11-27,47
757,3823001071.0,2021-11-27,47
758,3823001072.0,2021-12-03,48
759,3823001073.0,2021-12-03,48
760,3823001074.0,2021-12-03,48
761,3823001075.0,2021-12-03,48
762,3823001076.0,2021-12-03,48
763,3823001077.0,2021-11-27,47
764,3823001078.0,2021-11-27,47
765,3823001087.0,2021-12-03,48
766,3823001089.0,2021-11-26,47
767,3823001092.0,2021-12-03,48
768,3823001093.0,2021-12-03,48
769,3823001094.0,2021-12-03,48
770,3823001095.0,2021-12-03,48
771,3823001096.0,2021-11-20,46
772,3823001107.0,2021-11-26,47
773,3823001108.0,2021-12-04,48
774,3823001109.0,2021-11-18,46
775,3823001113.0,2021-11-26,47
776,3823001114.0,2021-12-10,49
777,3823001115.0,2021-12-04,48
778,3826000001.0,2021-10-15,41
779,3826000005.0,2021-12-30,52
