,of,item,id ov,ov,semana,data desejada,centro de trabalho,acabamento,blocos,ccs,virados,referÃªncia,semana minima
0,383573140,40.0,0,3820011703.0,22,22,CRMLAMPL,Qualquer,2.747,-1,0.0,"PL CR 1049/000 1000X1000X16,0 NE",0
1,383572795,40.0,0,3820011703.0,22,22,CRMEMBPL,Qualquer,0.0,-1,0.0,"PL CR 1049/000 1000X1000X16,0 01",0
2,383573139,30.0,0,3820011703.0,22,22,CRMLAMPL,Qualquer,2.472,-1,0.0,"PL CR 1049/000 1000X1000X14,0 NE",0
3,383572794,30.0,0,3820011703.0,22,22,CRMEMBPL,Qualquer,0.0,-1,0.0,"PL CR 1049/000 1000X1000X14,0 01",0
4,383572793,20.0,0,3820011703.0,22,22,CRMEMBPL,Qualquer,0.0,-1,0.0,"PL CR 1049/000 1000X1000X12,0 02",0
5,383573099,20.0,0,3820011703.0,22,22,CRMLAMPL,Qualquer,1.501,-1,0.0,"PL CR 1049/000 1000X1000X12,0 NE",0
6,383572792,10.0,0,3820011703.0,22,22,CRMEMBPL,Qualquer,0.0,-1,0.0,"PL CR 1521/000 1000X1000X20,0 01",0
7,383572979,10.0,0,3820011703.0,22,22,CRMLAMPL,Qualquer,1.797,-1,0.0,"PL CR 1521/000 1000X1000X20,0 NE",0
8,383572797,10.0,1,3820011701.0,22,22,CNMVSMEB,Qualquer,0.0,-1,0.0,"RL CC 8244/PAK 1000X3,0-10M LA",0
9,383572978,10.0,1,3820011701.0,22,22,CNMVSMRL,Qualquer,0.0,-1,0.0,"RL CC 8244/PAK 1000X3,0-10M NE",0
10,383572786,10.0,2,3820011692.0,28,29,CNMEMBPL,Qualquer,0.0,-1,0.0,"PL CC 8002/000  915X610X12,5 02",6
11,383572877,10.0,2,3820011692.0,28,29,CNMLAMPL,Qualquer,29.376,-1,0.0,"PL CC 8002/000 915X610X12,5 NE",6
12,383572788,10.0,3,3820011673.0,22,21,CRMEMBPL,Qualquer,0.0,-1,0.0,"PL CR 6400/S21 1250X250X40,0 00",0
13,383573133,10.0,3,3820011673.0,22,21,CRMSERRA,Qualquer,0.0,-1,0.0,"PL CR 6400/S21 1250X250X40,0 NE",0
14,383573554,10.0,3,3820011673.0,22,21,CRMLIXPL,Qualquer,0.0,-1,0.0,"PL CR 6400/S21 1270X500X40,0 NE",0
15,383573811,10.0,3,3820011673.0,22,21,CRMSERRA,Qualquer,1.737,-1,0.0,"PL CR 6400/000 1270X500X42,0 NE",0
16,383572819,20.0,4,3820011661.0,22,22,CCSEBMTR,Qualquer,0.0,2304,0.0,"TV CC 8405 10KK 6,0 000 03",0
17,383573578,20.0,4,3820011661.0,22,22,CCSTRIVM,Qualquer,0.0,2304,0.0,"TV CC 8405/S21 10KK 6,0 000 NE",0
18,383573602,20.0,4,3820011661.0,22,22,CNMLAMLX,Qualquer,2.052,2304,0.0,"PL CC 8405/S21 940X640X6,0 NE",0
19,383573175,10.0,4,3820011661.0,22,22,CCSBALJT,Qualquer,0.0,2304,0.0,"TM CC 8405 68TM 2,9 000 NE",0
20,383572812,10.0,4,3820011661.0,22,22,CCSEBKDV,Qualquer,0.0,2304,0.0,"TM CC 8405 68TM 2,9 000 03",0
21,1600076812,20.0,5,3820011659.0,37,38,CNMEMBPL,Qualquer,0.0,-1,0.0,"PL CC 8405/000 1000X500X5,0 02",15
22,1600076813,20.0,5,3820011659.0,37,38,CNMLAMPL,Qualquer,111.034,-1,0.0,"PL CC 8405/000 1000X500X5,0 NE",15
23,1600076811,10.0,5,3820011659.0,37,38,CNMEMBPL,Qualquer,0.0,-1,0.0,"PL CC 8405/000 1000X500X3,0 09",15
24,1600076810,10.0,5,3820011659.0,37,38,CNMLAMPL,Qualquer,324.863,-1,0.0,"PL CC 8405/000 1000X500X3,0 NE",15
25,1600076808,20.0,6,3820011657.0,36,37,CNMEMBPL,Qualquer,0.0,-1,0.0,"PL CC 8405/000 1000X500X5,0 02",14
26,1600076809,20.0,6,3820011657.0,36,37,CNMLAMPL,Qualquer,111.034,-1,0.0,"PL CC 8405/000 1000X500X5,0 NE",14
27,1600076807,10.0,6,3820011657.0,36,37,CNMEMBPL,Qualquer,0.0,-1,0.0,"PL CC 8405/000 1000X500X3,0 09",14
28,1600076806,10.0,6,3820011657.0,36,37,CNMLAMPL,Qualquer,324.863,-1,0.0,"PL CC 8405/000 1000X500X3,0 NE",14
29,1600076804,10.0,7,3820011655.0,26,27,CNMVSMEB,Qualquer,0.0,-1,0.0,"RL CC 8245/000 1000X6,0-25M HP",4
30,1600076805,10.0,7,3820011655.0,26,27,CNMVSMRL,Qualquer,0.0,-1,0.0,"RL CC 8245/000 1000X6,0-25M NE",4
31,1600076801,10.0,8,3820011654.0,28,29,CNMEMBMA,Qualquer,0.0,-1,0.0,"RL CC 8210/000 1000X1,8-10M 52",6
32,1600076802,10.0,8,3820011654.0,28,29,CNMREBMA,Qualquer,0.0,-1,0.0,"RL CC 8210/000 1000X1,8-10M NE",6
33,1600076803,10.0,8,3820011654.0,28,29,CNMLAMMA,Qualquer,0.0,-1,0.0,"RL CC 8210/000 1000X1,8 NE",6
34,1600076798,10.0,9,3820011653.0,22,23,CNMEMBIN,Qualquer,24.0,-1,0.0,BL CC 9153/000 950x650X200 01,0
35,383572984,90.0,10,3820011650.0,22,22,CNMREBMA,Qualquer,0.0,-1,0.0,"RL CI 5085/000 1000X1,8-10M NE",0
36,383573397,90.0,10,3820011650.0,22,22,CNMLAMMA,Qualquer,0.0,-1,0.0,"RL CI 5085/000 1000X1,8 NE",0
37,383572752,90.0,10,3820011650.0,22,22,CNMEMBMA,Qualquer,0.0,-1,0.0,"RL CI 5085/000 1000X1,8-10M 00",0
38,383573087,80.0,10,3820011650.0,22,22,CNMVSMRL,Qualquer,0.0,-1,0.0,"RL CC 8210/000 1000X6,0-10M NE",0
39,383572769,80.0,10,3820011650.0,22,22,CNMVSMEB,Qualquer,0.0,-1,0.0,"RL CC 8210/000 1000X6,0-10M 03",0
40,383572956,70.0,10,3820011650.0,22,22,CNMVSMRL,Qualquer,0.0,-1,0.0,"RL CC 8210/000 1000X3,0-10M NE",0
41,383572768,70.0,10,3820011650.0,22,22,CNMVSMEB,Qualquer,0.0,-1,0.0,"RL CC 8210/000 1000X3,0-10M 02",0
42,383573120,60.0,10,3820011650.0,22,22,CNMSERPL,Qualquer,9.359,-1,0.0,"PL CC 8004/000 940X640X48,0 NE",0
43,383572733,60.0,10,3820011650.0,22,22,CNMEMBPL,Qualquer,0.0,-1,0.0,"PL CC 8004/000 940X640X48,0 00",0
44,383573479,50.0,10,3820011650.0,22,22,CNMSERPL,Qualquer,22.072,-1,0.0,"PL CC 8004/000 940X640X30,0 NE",0
45,383572729,50.0,10,3820011650.0,22,22,CNMEMBPL,Qualquer,0.0,-1,0.0,"PL CC 8004/000 940X640X30,0 Z1",0
46,383572785,40.0,10,3820011650.0,22,22,CNMEMBPL,Qualquer,0.0,-1,0.0,"PL CC 8004/000  940X640X20,0 CA",0
47,383573121,40.0,10,3820011650.0,22,22,CNMLAMPL,Qualquer,2.747,-1,0.0,"PL CC 8004/000  940X640X20,0 NE",0
48,383573685,30.0,10,3820011650.0,22,22,CNMLAMPL,Qualquer,2.575,-1,0.0,"PL CC 8004/000 940X640X15,0 NE",0
49,383572725,30.0,10,3820011650.0,22,22,CNMEMBPL,Qualquer,0.0,-1,0.0,"PL CC 8004/000 940X640X15,0 CA",0
50,383573368,20.0,10,3820011650.0,22,22,CNMLAMPL,Qualquer,2.637,-1,0.0,"PL CC 8004/000 940X640X10,0 NE",0
51,383572730,20.0,10,3820011650.0,22,22,CNMEMBPL,Qualquer,0.0,-1,0.0,"PL CC 8004/000 940X640X10,0 Z1",0
52,383572872,10.0,10,3820011650.0,22,22,CNMLAMLX,Qualquer,19.807,-1,0.0,"PL CC 8004/S11 940X640X3,0 NE",0
53,383572726,10.0,10,3820011650.0,22,22,CNMEMBPL,Qualquer,0.0,-1,0.0,"PL CC 8004/S11 940X640X3,0 CA",0
54,1600076728,20.0,11,3820011647.0,39,40,CNMEMBPL,Qualquer,0.0,-1,0.0,"PL CC 8403/000 915X610X12,0 11",17
55,1600076729,20.0,11,3820011647.0,39,40,CNMLAMPL,Qualquer,291.638,-1,0.0,"PL CC 8403/000 915X610X12,0 NE",17
56,1600076726,10.0,11,3820011647.0,39,40,CNMEMBPL,Qualquer,0.0,-1,0.0,"PL CC 8403/000 915X610X6,0 21",17
57,1600076727,10.0,11,3820011647.0,39,40,CNMLAMPL,Qualquer,74.416,-1,0.0,"PL CC 8403/000 915X610X6,0 NE",17
58,1600076720,20.0,12,3820011646.0,36,37,CNMEMBPL,Qualquer,0.0,-1,0.0,"PL CC 8403/000 915X610X12,0 11",14
59,1600076721,20.0,12,3820011646.0,36,37,CNMLAMPL,Qualquer,181.8,-1,0.0,"PL CC 8403/000 915X610X12,0 NE",14
60,1600076718,10.0,12,3820011646.0,36,37,CNMEMBPL,Qualquer,0.0,-1,0.0,"PL CC 8403/000 915X610X6,0 21",14
61,1600076719,10.0,12,3820011646.0,36,37,CNMLAMPL,Qualquer,177.18,-1,0.0,"PL CC 8403/000 915X610X6,0 NE",14
62,1600076724,20.0,13,3820011645.0,35,36,CNMEMBPL,Qualquer,0.0,-1,0.0,"PL CC 8403/000 915X610X12,0 11",13
63,1600076725,20.0,13,3820011645.0,35,36,CNMLAMPL,Qualquer,263.863,-1,0.0,"PL CC 8403/000 915X610X12,0 NE",13
64,1600076722,10.0,13,3820011645.0,35,36,CNMEMBPL,Qualquer,0.0,-1,0.0,"PL CC 8403/000 915X610X6,0 21",13
65,1600076723,10.0,13,3820011645.0,35,36,CNMLAMPL,Qualquer,100.402,-1,0.0,"PL CC 8403/000 915X610X6,0 NE",13
66,383572765,10.0,14,3820011642.0,22,21,CNMLAMLX,Qualquer,8.27,-1,0.0,"PL CC 8123/S11 950X650X11,0 00",0
67,1600076715,10.0,15,3820011640.0,27,28,CNMEMBMA,Qualquer,0.0,-1,0.0,"RL CC 8210/000 1000X2,8-10M 34",5
68,1600076716,10.0,15,3820011640.0,27,28,CNMREBMA,Qualquer,0.0,-1,0.0,"RL CC 8210/000 1000X2,8-10M NE",5
69,1600076717,10.0,15,3820011640.0,27,28,CNMLAMMA,Qualquer,0.0,-1,0.0,"RL CC 8210/000 1000X2,8 NE",5
70,1600076865,40.0,16,3820011631.0,28,29,CRMEMBPL,Qualquer,0.0,-1,0.0,"PL CR 1235/000 1000X1000X4,5 00",6
71,1600076866,40.0,16,3820011631.0,28,29,CRMLAMPL,Qualquer,3.001,-1,0.0,"PL CR 1235/000 1000X1000X4,5 NE",6
72,1600076864,30.0,16,3820011631.0,28,29,CRMLAMPL,Qualquer,6.002,-1,0.0,"PL CR 1235/000 1000X1000X2,5 NE",6
73,1600076863,30.0,16,3820011631.0,28,29,CRMEMBPL,Qualquer,0.0,-1,0.0,"PL CR 1235/000 1000X1000X2,5 00",6
74,1600076861,20.0,16,3820011631.0,28,29,CRMEMBPL,Qualquer,0.0,-1,0.0,"PL CR 1235/000 1000X1000X10,0 00",6
75,1600076862,20.0,16,3820011631.0,28,29,CRMLAMPL,Qualquer,1.169,-1,0.0,"PL CR 1235/000 1000X1000X10,0 NE",6
76,1600076860,10.0,16,3820011631.0,28,29,CRMLAMPL,Qualquer,2.001,-1,0.0,"PL CR 1521/000 1000X1000X1,0 NE",6
77,1600076859,10.0,16,3820011631.0,28,29,CRMEMBPL,Qualquer,0.0,-1,0.0,"PL CR 1521/000 1000X1000X1,0 TD",6
78,383574131,10.0,17,3820011630.0,22,21,CCSSECME,Qualquer,0.0,2304,0.0,"PL ML C201/000 580X440X7,0 ZZ",0
79,1600076714,40.0,18,3820011623.0,35,36,CNMLAMPL,Qualquer,117.504,-1,0.0,"PL CC 8002/000 915X610X5,0 NE",13
80,1600076713,40.0,18,3820011623.0,35,36,CNMEMBPL,Qualquer,0.0,-1,0.0,"PL CC 8002/000 915X610X5,0 05",13
81,1600076711,30.0,19,3820011623.0,28,29,CNMVSMEB,Qualquer,0.0,-1,0.0,"RL CC 8244/000 1000X5,0-10M 10",6
82,1600076712,30.0,19,3820011623.0,28,29,CNMVSMRL,Qualquer,0.0,-1,0.0,"RL CC 8244/T02 1067X5,0-10M NE",6
83,1600076709,20.0,19,3820011623.0,28,29,CNMVSMEB,Qualquer,0.0,-1,0.0,"RL CC 8244/000 1000X3,0-20M 02",6
84,1600076710,20.0,19,3820011623.0,28,29,CNMVSMRL,Qualquer,0.0,-1,0.0,"RL CC 8244/000 1000X3,0-20M NE",6
85,1600076707,10.0,19,3820011623.0,28,29,CNMVSMEB,Qualquer,0.0,-1,0.0,"RL CC 8244/000 1000X2,0- 30M 13",6
86,1600076708,10.0,19,3820011623.0,28,29,CNMVSMRL,Qualquer,0.0,-1,0.0,"RL CC 8244/000 1000X2,0-30M NE",6
87,383572760,10.0,20,3820011621.0,22,21,CNMLAMLX,Qualquer,2.697,-1,0.0,"PL CC 8303/S21 940X640X20,0 04",0
88,383572818,50.0,21,3820011619.0,22,22,CCSEMBME,Qualquer,0.0,2304,0.0,MB ML C214 14W SL 100 07,0
89,383572817,40.0,21,3820011619.0,22,22,CCSEMBME,Qualquer,0.0,2304,0.0,MB ML C215 14A CZ 000 01,0
90,383572813,30.0,21,3820011619.0,22,22,CCSEMBME,Qualquer,0.0,2304,0.0,MB ML C214 12W SL 100 08,0
91,383572814,20.0,21,3820011619.0,22,22,CCSEMBME,Qualquer,0.0,2304,0.0,MB ML C215 12A CZ 001 04,0
92,383572816,10.0,21,3820011619.0,22,22,CCSEMBME,Qualquer,0.0,2304,0.0,MB ML C221 14W NT 000 18,0
93,383573182,10.0,21,3820011619.0,22,22,CCSMTMME,Qualquer,0.0,2304,0.0,MB ML C221 14W NT 000 NE,0
94,383572759,20.0,22,3820011617.0,22,21,CNMEMBIN,Qualquer,2.0,-1,0.0,BL CC 8703/000 950x650X200 01,0
95,383573118,10.0,22,3820011617.0,22,21,CNMSERPL,Qualquer,2.369,-1,0.0,"PL CC 8703/000 950X650X50,0 NE",0
96,383572770,10.0,22,3820011617.0,22,21,CNMEMBPL,Qualquer,0.0,-1,0.0,"PL CC 8703/000 940X640X50,0 01",0
97,383572784,10.0,23,3820011616.0,22,21,CNMLAMLX,Qualquer,0.0,-1,0.0,"PL CC 9431/S21 940X640X25,0 00",0
98,383573369,10.0,23,3820011616.0,22,21,CNMSERPL,Qualquer,2.513,-1,0.0,"PL CC 9431/000 950X650X27,0 NE",0
99,1600076016,10.0,24,3820011599.0,27,28,CRMRLMEI,Qualquer,0.0,-1,0.0,"RL CR 1521/PTS 1020X3,0-66M 01",5
100,1600076017,10.0,24,3820011599.0,27,28,CRMRLMEI,Qualquer,0.0,-1,0.0,"RL CR 1521/PTS 1020X3,0-66M 01",5
101,383572924,10.0,24,3820011599.0,27,28,CRMLAMRL,Qualquer,0.0,-1,0.0,"RL CR 1521/PTS 1020X3,0 NE",5
102,383572925,10.0,24,3820011599.0,27,28,CRMLAMRL,Qualquer,0.0,-1,0.0,"RL CR 1521/PTS 1020X3,0 NE",5
103,1600076770,40.0,25,3820011597.0,36,37,CNMSERPL,Qualquer,2.892,-1,0.0,"PL CC 8405/000 915X610X30,0 NE",14
104,1600076769,40.0,25,3820011597.0,36,37,CNMEMBPL,Qualquer,0.0,-1,0.0,"PL CC 8405/000 915X610X30,0 KR",14
105,1600076767,30.0,25,3820011597.0,36,37,CNMSERPL,Qualquer,5.668,-1,0.0,"PL CC 8405/000  915X610X40,0 NE",14
106,1600076766,30.0,25,3820011597.0,36,37,CNMEMBPL,Qualquer,0.0,-1,0.0,"PL CC 8405/000 915X610X40,0 01",14
107,1600076764,20.0,25,3820011597.0,36,37,CNMEMBPL,Qualquer,0.0,-1,0.0,"PL CC 8004/000 915X610X20,0 KR",14
108,1600076765,20.0,25,3820011597.0,36,37,CNMLAMPL,Qualquer,10.301,-1,0.0,"PL CC 8004/000 915X610X20,0 NE",14
109,1600076763,10.0,25,3820011597.0,36,37,CNMLAMPL,Qualquer,17.002,-1,0.0,"PL CC 8405/000 915X610X20,0 NE",14
110,1600076762,10.0,25,3820011597.0,36,37,CNMEMBPL,Qualquer,0.0,-1,0.0,"PL CC 8405/000 915X610X20,0 KR",14
111,1600076494,10.0,26,3820011595.0,27,28,CRMRLMEI,Qualquer,0.0,-1,0.0,"RL CI 5154/000 1245X3,0-22M 01",5
112,1600076495,10.0,26,3820011595.0,27,28,CRMLAMRL,Qualquer,0.0,-1,0.0,"RL CI 5154/000 1245X3,0 NE",5
113,1600076491,10.0,27,3820011594.0,28,29,CRMRLMEI,Qualquer,0.0,-1,0.0,"RL CR 1521/PTS 1020X3,0-66M 01",6
114,1600076492,10.0,27,3820011594.0,28,29,CRMLAMRL,Qualquer,0.0,-1,0.0,"RL CR 1521/PTS 1020X3,0 NE",6
115,1600076014,10.0,28,3820011591.0,27,28,CRMRLMEI,Qualquer,0.0,-1,0.0,"RL CR 1521/PTS 1020X3,0-66M 01",5
116,1600076015,10.0,28,3820011591.0,27,28,CRMLAMRL,Qualquer,0.0,-1,0.0,"RL CR 1521/PTS 1020X3,0 NE",5
117,383572846,10.0,29,3820011587.0,22,21,CCSEBAAC,Qualquer,0.0,2304,0.0,ES CC BL YOGA [8403]/S21 225X150X100 03,0
118,383573185,10.0,29,3820011587.0,22,21,CCSCNCMQ,Qualquer,0.0,2304,0.0,ES CC BL YOGA [8403]/S21 225X150X100 NE,0
119,383573516,10.0,29,3820011587.0,22,21,CNMLAMLX,Qualquer,0.0,2304,0.0,PL CC 8403/S21 940X640X100 NE,0
120,383573901,10.0,29,3820011587.0,22,21,CNMSERPL,Qualquer,6.565,2304,0.0,PL CC 8403/000 940X640X102 NE,0
121,1600076471,10.0,30,3820011586.0,27,28,CRMRLMEI,Qualquer,0.0,-1,0.0,"RL CI 5154/000 1245X3,0-22M 01",5
122,1600076472,10.0,30,3820011586.0,27,28,CRMLAMRL,Qualquer,0.0,-1,0.0,"RL CI 5154/000 1245X3,0 NE",5
123,383572742,10.0,31,3820011585.0,22,21,CNMEMBIN,Qualquer,7.0,-1,0.0,BL CC 8702/000 950x650X200 00,0
124,1600076464,30.0,32,3820011583.0,27,28,CRMLAMRL,Qualquer,0.0,-1,0.0,"RL CI 5015/000 1000X4,5 NE",5
125,1600076463,30.0,32,3820011583.0,27,28,CRMRLMEI,Qualquer,0.0,-1,0.0,"RL CI 5015/000 1000X4,5-15M SD",5
126,1600076461,20.0,33,3820011583.0,35,36,CRMVSMRL,Qualquer,0.0,-1,0.0,"RL CI 5015/000 1000X3,0-15M SD",13
127,1600076460,20.0,33,3820011583.0,35,36,CRMLAMRL,Qualquer,0.0,-1,0.0,"RL CI 5015/000 1000X3,0 NE",13
128,1600076458,10.0,32,3820011583.0,27,28,CRMRLMEI,Qualquer,0.0,-1,0.0,"RL CI 5015/000 1000X6,0-15M SD",5
129,1600076459,10.0,32,3820011583.0,27,28,CRMLAMRL,Qualquer,0.0,-1,0.0,"RL CI 5015/000 1000X6,0 NE",5
130,1600076454,50.0,34,3820011581.0,30,31,CRMLAMPL,Printing,1.001,-1,0.0,"PL CR NC60/PAA 915X915X4,8 NE",8
131,1600076452,40.0,34,3820011581.0,30,31,CRMLAMPL,Printing,2.001,-1,0.0,"PL CR 1049/PAA 1270X760X3,2 NE",8
132,1600076448,30.0,34,3820011581.0,30,31,CRMLAMPL,Printing,1.001,-1,0.0,"PL CR 1521/PAA 1270X760X4,8 NE",8
133,1600076446,20.0,34,3820011581.0,30,31,CRMLAMPL,Printing,2.001,-1,0.0,"PL CR 1521/PAA 1270X760X3,2 NE",8
134,1600076444,10.0,34,3820011581.0,30,31,CRMLAMPL,Printing,2.001,-1,0.0,"PL CR 1521/PAA 1270X760X6,4 NE",8
135,1600076748,690.0,35,3820011571.0,46,47,CNMSERPL,Qualquer,206.0,-1,0.0,PL CC 8872/000 950X650X156 00,24
136,1600076747,680.0,36,3820011571.0,42,43,CNMSERPL,Qualquer,206.0,-1,0.0,PL CC 8872/000 950X650X156 00,20
137,1600076746,670.0,37,3820011571.0,38,39,CNMSERPL,Qualquer,206.0,-1,0.0,PL CC 8872/000 950X650X156 00,16
138,1600076745,660.0,38,3820011571.0,30,31,CNMSERPL,Qualquer,206.0,-1,0.0,PL CC 8872/000 950X650X156 00,8
139,1600076744,650.0,39,3820011571.0,29,30,CNMSERPL,Qualquer,206.0,-1,0.0,PL CC 8872/000 950X650X156 00,7
140,1600076743,640.0,40,3820011571.0,27,28,CNMSERPL,Qualquer,206.0,-1,0.0,PL CC 8872/000 950X650X156 00,5
141,1600076754,630.0,35,3820011571.0,46,47,CNMLAMPL,Qualquer,80.0,-1,0.0,PL CC 8872/000 940X640X245 CV,24
142,1600076753,620.0,36,3820011571.0,42,43,CNMLAMPL,Qualquer,80.0,-1,0.0,PL CC 8872/000 940X640X245 CV,20
143,1600076752,610.0,37,3820011571.0,38,39,CNMLAMPL,Qualquer,80.0,-1,0.0,PL CC 8872/000 940X640X245 CV,16
144,1600076757,600.0,35,3820011571.0,46,47,CNMSERPL,Qualquer,80.0,-1,0.0,PL CC 8872/000 940X640X195 NE,24
145,1600076751,600.0,35,3820011571.0,46,47,CNMEMBIN,Qualquer,0.0,-1,0.0,BL CC 8872/000 940X640X195 01,24
146,1600076756,590.0,36,3820011571.0,42,43,CNMSERPL,Qualquer,80.0,-1,0.0,PL CC 8872/000 940X640X195 NE,20
147,1600076750,590.0,36,3820011571.0,42,43,CNMEMBIN,Qualquer,0.0,-1,0.0,BL CC 8872/000 940X640X195 01,20
148,1600076755,580.0,37,3820011571.0,38,39,CNMSERPL,Qualquer,80.0,-1,0.0,PL CC 8872/000 940X640X195 NE,16
149,1600076749,580.0,37,3820011571.0,38,39,CNMEMBIN,Qualquer,0.0,-1,0.0,BL CC 8872/000 940X640X195 01,16
150,1600076702,570.0,41,3820011571.0,47,48,CNMSERPL,Qualquer,309.0,-1,0.0,PL CC 8872/000 950X650X105 01,25
151,1600076701,560.0,36,3820011571.0,42,43,CNMSERPL,Qualquer,309.0,-1,0.0,PL CC 8872/000 950X650X105 01,20
152,1600076700,550.0,37,3820011571.0,38,39,CNMSERPL,Qualquer,309.0,-1,0.0,PL CC 8872/000 950X650X105 01,16
153,1600076699,540.0,42,3820011571.0,31,35,CNMSERPL,Qualquer,309.0,-1,0.0,PL CC 8872/000 950X650X105 01,9
154,1600076698,530.0,43,3820011571.0,28,29,CNMSERPL,Qualquer,309.0,-1,0.0,PL CC 8872/000 950X650X105 01,6
155,1600076697,520.0,43,3820011571.0,28,29,CNMSERPL,Qualquer,309.0,-1,0.0,PL CC 8872/000 950X650X105 01,6
156,1600076696,510.0,44,3820011571.0,48,49,CNMSERPL,Qualquer,77.475,-1,0.0,"PL CC 8003/000 940X640X91,0 NE",26
157,1600076681,510.0,44,3820011571.0,48,49,CNMLAMLX,Qualquer,0.0,-1,0.0,"PL CC 8003/S21 940X640X89,0 CV",26
158,1600076695,500.0,41,3820011571.0,47,48,CNMSERPL,Qualquer,77.475,-1,0.0,"PL CC 8003/000 940X640X91,0 NE",25
159,1600076680,500.0,41,3820011571.0,47,48,CNMLAMLX,Qualquer,0.0,-1,0.0,"PL CC 8003/S21 940X640X89,0 CV",25
160,1600076694,490.0,35,3820011571.0,46,47,CNMSERPL,Qualquer,77.475,-1,0.0,"PL CC 8003/000 940X640X91,0 NE",24
161,1600076679,490.0,35,3820011571.0,46,47,CNMLAMLX,Qualquer,0.0,-1,0.0,"PL CC 8003/S21 940X640X89,0 CV",24
162,1600076693,480.0,45,3820011571.0,45,46,CNMSERPL,Qualquer,77.475,-1,0.0,"PL CC 8003/000 940X640X91,0 NE",23
163,1600076678,480.0,45,3820011571.0,45,46,CNMLAMLX,Qualquer,0.0,-1,0.0,"PL CC 8003/S21 940X640X89,0 CV",23
164,1600076692,470.0,46,3820011571.0,44,45,CNMSERPL,Qualquer,77.475,-1,0.0,"PL CC 8003/000 940X640X91,0 NE",22
165,1600076677,470.0,46,3820011571.0,44,45,CNMLAMLX,Qualquer,0.0,-1,0.0,"PL CC 8003/S21 940X640X89,0 CV",22
166,1600076691,460.0,47,3820011571.0,43,44,CNMSERPL,Qualquer,77.475,-1,0.0,"PL CC 8003/000 940X640X91,0 NE",21
167,1600076676,460.0,47,3820011571.0,43,44,CNMLAMLX,Qualquer,0.0,-1,0.0,"PL CC 8003/S21 940X640X89,0 CV",21
168,1600076690,450.0,36,3820011571.0,42,43,CNMSERPL,Qualquer,77.475,-1,0.0,"PL CC 8003/000 940X640X91,0 NE",20
169,1600076675,450.0,36,3820011571.0,42,43,CNMLAMLX,Qualquer,0.0,-1,0.0,"PL CC 8003/S21 940X640X89,0 CV",20
170,1600076689,440.0,48,3820011571.0,41,42,CNMSERPL,Qualquer,77.475,-1,0.0,"PL CC 8003/000 940X640X91,0 NE",19
171,1600076674,440.0,48,3820011571.0,41,42,CNMLAMLX,Qualquer,0.0,-1,0.0,"PL CC 8003/S21 940X640X89,0 CV",19
172,1600076688,430.0,49,3820011571.0,40,41,CNMSERPL,Qualquer,77.475,-1,0.0,"PL CC 8003/000 940X640X91,0 NE",18
173,1600076673,430.0,49,3820011571.0,40,41,CNMLAMLX,Qualquer,0.0,-1,0.0,"PL CC 8003/S21 940X640X89,0 CV",18
174,1600076687,420.0,50,3820011571.0,39,40,CNMSERPL,Qualquer,77.475,-1,0.0,"PL CC 8003/000 940X640X91,0 NE",17
175,1600076672,420.0,50,3820011571.0,39,40,CNMLAMLX,Qualquer,0.0,-1,0.0,"PL CC 8003/S21 940X640X89,0 CV",17
176,1600076686,410.0,37,3820011571.0,38,39,CNMSERPL,Qualquer,77.475,-1,0.0,"PL CC 8003/000 940X640X91,0 NE",16
177,1600076671,410.0,37,3820011571.0,38,39,CNMLAMLX,Qualquer,0.0,-1,0.0,"PL CC 8003/S21 940X640X89,0 CV",16
178,1600076685,400.0,51,3820011571.0,37,38,CNMSERPL,Qualquer,77.475,-1,0.0,"PL CC 8003/000 940X640X91,0 NE",15
179,1600076670,400.0,51,3820011571.0,37,38,CNMLAMLX,Qualquer,0.0,-1,0.0,"PL CC 8003/S21 940X640X89,0 CV",15
180,1600076684,390.0,52,3820011571.0,36,37,CNMSERPL,Qualquer,77.475,-1,0.0,"PL CC 8003/000 940X640X91,0 NE",14
181,1600076669,390.0,52,3820011571.0,36,37,CNMLAMLX,Qualquer,0.0,-1,0.0,"PL CC 8003/S21 940X640X89,0 CV",14
182,1600076683,380.0,53,3820011571.0,35,36,CNMSERPL,Qualquer,77.475,-1,0.0,"PL CC 8003/000 940X640X91,0 NE",13
183,1600076668,380.0,53,3820011571.0,35,36,CNMLAMLX,Qualquer,0.0,-1,0.0,"PL CC 8003/S21 940X640X89,0 CV",13
184,1600076682,370.0,42,3820011571.0,31,35,CNMSERPL,Qualquer,77.475,-1,0.0,"PL CC 8003/000 940X640X91,0 NE",9
185,1600076667,370.0,42,3820011571.0,31,35,CNMLAMLX,Qualquer,0.0,-1,0.0,"PL CC 8003/S21 940X640X89,0 CV",9
186,1600076666,360.0,38,3820011571.0,30,31,CNMSERPL,Qualquer,77.475,-1,0.0,"PL CC 8003/000 940X640X91,0 NE",8
187,1600076665,360.0,38,3820011571.0,30,31,CNMLAMLX,Qualquer,0.0,-1,0.0,"PL CC 8003/S21 940X640X89,0 CV",8
188,1600076649,310.0,44,3820011571.0,48,49,CNMSERPL,Qualquer,51.65,-1,0.0,"PL CC 8003/000 940X640X77,0 NE",26
189,1600076634,310.0,44,3820011571.0,48,49,CNMLAMLX,Qualquer,0.0,-1,0.0,"PL CC 8003/S21 940X640X75,0 01",26
190,1600076648,300.0,41,3820011571.0,47,48,CNMSERPL,Qualquer,51.65,-1,0.0,"PL CC 8003/000 940X640X77,0 NE",25
191,1600076633,300.0,41,3820011571.0,47,48,CNMLAMLX,Qualquer,0.0,-1,0.0,"PL CC 8003/S21 940X640X75,0 01",25
192,1600076647,290.0,35,3820011571.0,46,47,CNMSERPL,Qualquer,51.65,-1,0.0,"PL CC 8003/000 940X640X77,0 NE",24
193,1600076632,290.0,35,3820011571.0,46,47,CNMLAMLX,Qualquer,0.0,-1,0.0,"PL CC 8003/S21 940X640X75,0 01",24
194,1600076646,280.0,45,3820011571.0,45,46,CNMSERPL,Qualquer,51.65,-1,0.0,"PL CC 8003/000 940X640X77,0 NE",23
195,1600076631,280.0,45,3820011571.0,45,46,CNMLAMLX,Qualquer,0.0,-1,0.0,"PL CC 8003/S21 940X640X75,0 01",23
196,1600076645,270.0,46,3820011571.0,44,45,CNMSERPL,Qualquer,51.65,-1,0.0,"PL CC 8003/000 940X640X77,0 NE",22
197,1600076630,270.0,46,3820011571.0,44,45,CNMLAMLX,Qualquer,0.0,-1,0.0,"PL CC 8003/S21 940X640X75,0 01",22
198,1600076644,260.0,47,3820011571.0,43,44,CNMSERPL,Qualquer,51.65,-1,0.0,"PL CC 8003/000 940X640X77,0 NE",21
199,1600076629,260.0,47,3820011571.0,43,44,CNMLAMLX,Qualquer,0.0,-1,0.0,"PL CC 8003/S21 940X640X75,0 01",21
200,1600076643,250.0,36,3820011571.0,42,43,CNMSERPL,Qualquer,51.65,-1,0.0,"PL CC 8003/000 940X640X77,0 NE",20
201,1600076628,250.0,36,3820011571.0,42,43,CNMLAMLX,Qualquer,0.0,-1,0.0,"PL CC 8003/S21 940X640X75,0 01",20
202,1600076642,240.0,48,3820011571.0,41,42,CNMSERPL,Qualquer,51.65,-1,0.0,"PL CC 8003/000 940X640X77,0 NE",19
203,1600076627,240.0,48,3820011571.0,41,42,CNMLAMLX,Qualquer,0.0,-1,0.0,"PL CC 8003/S21 940X640X75,0 01",19
204,1600076641,230.0,49,3820011571.0,40,41,CNMSERPL,Qualquer,51.65,-1,0.0,"PL CC 8003/000 940X640X77,0 NE",18
205,1600076626,230.0,49,3820011571.0,40,41,CNMLAMLX,Qualquer,0.0,-1,0.0,"PL CC 8003/S21 940X640X75,0 01",18
206,1600076640,220.0,50,3820011571.0,39,40,CNMSERPL,Qualquer,51.65,-1,0.0,"PL CC 8003/000 940X640X77,0 NE",17
207,1600076625,220.0,50,3820011571.0,39,40,CNMLAMLX,Qualquer,0.0,-1,0.0,"PL CC 8003/S21 940X640X75,0 01",17
208,1600076639,210.0,37,3820011571.0,38,39,CNMSERPL,Qualquer,51.65,-1,0.0,"PL CC 8003/000 940X640X77,0 NE",16
209,1600076624,210.0,37,3820011571.0,38,39,CNMLAMLX,Qualquer,0.0,-1,0.0,"PL CC 8003/S21 940X640X75,0 01",16
210,1600076638,200.0,51,3820011571.0,37,38,CNMSERPL,Qualquer,51.65,-1,0.0,"PL CC 8003/000 940X640X77,0 NE",15
211,1600076623,200.0,51,3820011571.0,37,38,CNMLAMLX,Qualquer,0.0,-1,0.0,"PL CC 8003/S21 940X640X75,0 01",15
212,1600076637,190.0,52,3820011571.0,36,37,CNMSERPL,Qualquer,51.65,-1,0.0,"PL CC 8003/000 940X640X77,0 NE",14
213,1600076622,190.0,52,3820011571.0,36,37,CNMLAMLX,Qualquer,0.0,-1,0.0,"PL CC 8003/S21 940X640X75,0 01",14
214,1600076636,180.0,53,3820011571.0,35,36,CNMSERPL,Qualquer,51.65,-1,0.0,"PL CC 8003/000 940X640X77,0 NE",13
215,1600076621,180.0,53,3820011571.0,35,36,CNMLAMLX,Qualquer,0.0,-1,0.0,"PL CC 8003/S21 940X640X75,0 01",13
216,1600076635,170.0,42,3820011571.0,31,35,CNMSERPL,Qualquer,51.65,-1,0.0,"PL CC 8003/000 940X640X77,0 NE",9
217,1600076620,170.0,42,3820011571.0,31,35,CNMLAMLX,Qualquer,0.0,-1,0.0,"PL CC 8003/S21 940X640X75,0 01",9
218,1600076619,160.0,38,3820011571.0,30,31,CNMSERPL,Qualquer,51.65,-1,0.0,"PL CC 8003/000 940X640X77,0 NE",8
219,1600076618,160.0,38,3820011571.0,30,31,CNMLAMLX,Qualquer,0.0,-1,0.0,"PL CC 8003/S21 940X640X75,0 01",8
220,1600076615,110.0,44,3820011571.0,48,49,CNMSERPL,Qualquer,103.001,-1,0.0,"PL CC 8872/000 940X640X77,0 NE",26
221,1600076604,110.0,44,3820011571.0,48,49,CNMLAMLX,Qualquer,0.0,-1,0.0,"PL CC 8872/S21 940X640X75,0 CV",26
222,1600076614,100.0,41,3820011571.0,47,48,CNMSERPL,Qualquer,103.001,-1,0.0,"PL CC 8872/000 940X640X77,0 NE",25
223,1600076603,100.0,41,3820011571.0,47,48,CNMLAMLX,Qualquer,0.0,-1,0.0,"PL CC 8872/S21 940X640X75,0 CV",25
224,1600076613,90.0,35,3820011571.0,46,47,CNMSERPL,Qualquer,103.001,-1,0.0,"PL CC 8872/000 940X640X77,0 NE",24
225,1600076602,90.0,35,3820011571.0,46,47,CNMLAMLX,Qualquer,0.0,-1,0.0,"PL CC 8872/S21 940X640X75,0 CV",24
226,1600076612,80.0,45,3820011571.0,45,46,CNMSERPL,Qualquer,103.001,-1,0.0,"PL CC 8872/000 940X640X77,0 NE",23
227,1600076601,80.0,45,3820011571.0,45,46,CNMLAMLX,Qualquer,0.0,-1,0.0,"PL CC 8872/S21 940X640X75,0 CV",23
228,1600076611,70.0,46,3820011571.0,44,45,CNMSERPL,Qualquer,103.001,-1,0.0,"PL CC 8872/000 940X640X77,0 NE",22
229,1600076600,70.0,46,3820011571.0,44,45,CNMLAMLX,Qualquer,0.0,-1,0.0,"PL CC 8872/S21 940X640X75,0 CV",22
230,1600076610,60.0,47,3820011571.0,43,44,CNMSERPL,Qualquer,103.001,-1,0.0,"PL CC 8872/000 940X640X77,0 NE",21
231,1600076599,60.0,47,3820011571.0,43,44,CNMLAMLX,Qualquer,0.0,-1,0.0,"PL CC 8872/S21 940X640X75,0 CV",21
232,1600076609,50.0,36,3820011571.0,42,43,CNMSERPL,Qualquer,103.001,-1,0.0,"PL CC 8872/000 940X640X77,0 NE",20
233,1600076598,50.0,36,3820011571.0,42,43,CNMLAMLX,Qualquer,0.0,-1,0.0,"PL CC 8872/S21 940X640X75,0 CV",20
234,1600076608,40.0,48,3820011571.0,41,42,CNMSERPL,Qualquer,103.001,-1,0.0,"PL CC 8872/000 940X640X77,0 NE",19
235,1600076597,40.0,48,3820011571.0,41,42,CNMLAMLX,Qualquer,0.0,-1,0.0,"PL CC 8872/S21 940X640X75,0 CV",19
236,1600076607,30.0,49,3820011571.0,40,41,CNMSERPL,Qualquer,103.001,-1,0.0,"PL CC 8872/000 940X640X77,0 NE",18
237,1600076596,30.0,49,3820011571.0,40,41,CNMLAMLX,Qualquer,0.0,-1,0.0,"PL CC 8872/S21 940X640X75,0 CV",18
238,1600076606,20.0,50,3820011571.0,39,40,CNMSERPL,Qualquer,103.001,-1,0.0,"PL CC 8872/000 940X640X77,0 NE",17
239,1600076595,20.0,50,3820011571.0,39,40,CNMLAMLX,Qualquer,0.0,-1,0.0,"PL CC 8872/S21 940X640X75,0 CV",17
240,1600076605,10.0,37,3820011571.0,38,39,CNMSERPL,Qualquer,103.001,-1,0.0,"PL CC 8872/000 940X640X77,0 NE",16
241,1600076594,10.0,37,3820011571.0,38,39,CNMLAMLX,Qualquer,0.0,-1,0.0,"PL CC 8872/S21 940X640X75,0 CV",16
242,1600075902,10.0,54,3820011568.0,35,36,CCSEMBJT,Qualquer,0.0,2304,0.0,"JT CR 1521/2C2 101-VX 2,5 00",13
243,1600075904,10.0,54,3820011568.0,35,36,CCSPINAC,Qualquer,0.0,2304,0.0,"FQ CR 1521/CBK 101-VX 2,5 NE",13
244,1600075903,10.0,54,3820011568.0,35,36,CCSBALJT,Qualquer,0.0,2304,0.0,"JT CR 1521/CBK 101-VX 2,5 NE",13
245,1600075907,10.0,54,3820011568.0,35,36,CRMSERRA,Qualquer,2.124,2304,0.0,QD CR 1521/000 101-VX 150 NE,13
246,1600075905,10.0,54,3820011568.0,35,36,CRMLAMPL,Qualquer,0.0,2304,0.0,"FQ CR 1521/000 101-VX 2,5 NE",13
247,1600075906,10.0,54,3820011568.0,35,36,CRMCOLQD,Qualquer,0.0,2304,0.0,QD CR 1521/OCL 101-VX 150 NE,13
248,1600075896,10.0,55,3820011567.0,23,24,CRMEMBPL,Qualquer,0.0,-1,0.0,"PL CR N650/000 1040X632X7,5 02",1
249,1600075897,10.0,55,3820011567.0,23,24,CRMGUILH,Qualquer,0.0,-1,0.0,"PL CR N650/000 1040X632X7,5 NE",1
250,1600075898,10.0,55,3820011567.0,23,24,CRMLAMPL,Qualquer,1.0,-1,0.0,"PL CR N650/000 1270X1040X7,5 NE",1
251,383573149,50.0,56,3820011564.0,24,21,CCSVULJT,Qualquer,0.0,2304,0.0,"JT CR 1028/000 VUL015 1,05 NE",0
252,1600075840,50.0,56,3820011564.0,24,21,CCSEBKDV,Qualquer,0.0,2304,0.0,"JT CR 1028/000 VUL015 1,05 00",0
253,383573511,50.0,56,3820011564.0,24,21,CRMSERRA,Qualquer,0.0,2304,0.0,"RL CR 1028/T02 85X1,05-61M NE",0
254,1600075759,40.0,56,3820011564.0,24,21,CCSEBKDV,Qualquer,0.0,2304,0.0,JT CR 1028/000 VUL020 1 00,0
255,1600075758,30.0,56,3820011564.0,22,21,CCSEBKDV,Qualquer,0.0,2304,0.0,JT CR 1028/000 VUL043 1 00,0
256,1600075757,20.0,56,3820011564.0,23,21,CCSEBKDV,Qualquer,0.0,2304,0.0,JT CR 1028/000 VUL044 1 00,1
257,1600075756,10.0,56,3820011564.0,24,21,CCSEBKDV,Qualquer,0.0,2304,0.0,JT CR 1028/000 VUL051 1 00,2
258,1600075887,20.0,57,3820011563.0,27,28,CNMVSMRL,Qualquer,0.0,-1,0.0,"RL CC 8210/000 1000X4,8-10M NE",5
259,1600075886,20.0,57,3820011563.0,27,28,CNMVSMEB,Qualquer,0.0,-1,0.0,"RL CC 8210/000 1000X4,8-10M 03",5
260,1600075884,10.0,57,3820011563.0,27,28,CNMVSMEB,Qualquer,0.0,-1,0.0,"RL CC 8210/000 1000X3,8-10M 18",5
261,1600075885,10.0,57,3820011563.0,27,28,CNMVSMRL,Qualquer,0.0,-1,0.0,"RL CC 8210/000 1000X3,8-10M NE",5
262,1600076583,20.0,58,3820011562.0,26,27,CNMEMBPL,Qualquer,0.0,-1,0.0,"PL CC 8827/000 915X610X14,0 01",4
263,1600076584,20.0,58,3820011562.0,26,27,CNMLAMPL,Qualquer,14.836,-1,0.0,"PL CC 8827/000 915X610X14,0 NE",4
264,1600076581,10.0,58,3820011562.0,26,27,CNMEMBPL,Qualquer,0.0,-1,0.0,"PL CC 8827/000 915X610X11,0 01",4
265,1600076582,10.0,58,3820011562.0,26,27,CNMLAMPL,Qualquer,15.502,-1,0.0,"PL CC 8827/000 915X610X11,0 NE",4
266,1600075892,10.0,59,3820011551.0,26,27,CRMRLMEI,Qualquer,0.0,-1,0.0,"PL CI M 5015/PM2 2590X1540X4,0 01",4
267,1600075893,10.0,59,3820011551.0,26,27,CRMLAMRL,Qualquer,0.0,-1,0.0,"RL CI M 5015/000 1540X4,0 NE",4
268,1600076575,10.0,60,3820011550.0,24,25,CNMVSMEB,Qualquer,0.0,-1,0.0,"RL CC 8245/000 1000X5,0-25M 06",2
269,1600076576,10.0,60,3820011550.0,24,25,CNMVSMRL,Qualquer,0.0,-1,0.0,"RL CC 8245/000 1000X5,0-25M NE",2
270,1600076422,30.0,61,3820011545.0,35,36,CRMVSMRL,Qualquer,0.0,-1,0.0,"RL CI 5015/000 1000X3,0-15M SD",13
271,1600076423,30.0,61,3820011545.0,35,36,CRMLAMRL,Qualquer,0.0,-1,0.0,"RL CI 5015/000 1000X3,0 NE",13
272,1600075889,20.0,62,3820011545.0,30,31,CRMLAMRL,Qualquer,0.0,-1,0.0,"RL CI 5923/000 1000X1,6 NE",8
273,1600075888,20.0,62,3820011545.0,30,31,CRMVSMRL,Qualquer,0.0,-1,0.0,"RL CI 5923/000 1000X1,6-15M SD",8
274,1600075882,10.0,63,3820011545.0,26,27,CRMLAMRL,Qualquer,0.0,-1,0.0,"RL CI 5015/000 1000X4,5 NE",4
275,1600075881,10.0,63,3820011545.0,26,27,CRMRLMEI,Qualquer,0.0,-1,0.0,"RL CI 5015/000 1000X4,5-15M SD",4
276,1600075873,10.0,64,3820011533.0,22,23,CNMEMBMM,Qualquer,0.0,-1,0.0,"RL CC 8244/000  500X2,0-10M 15",0
277,1600075874,10.0,64,3820011533.0,22,23,CNMREBMM,Qualquer,0.0,-1,0.0,"RL CC 8244/000 500X2,0-10M NE",0
278,1600075875,10.0,64,3820011533.0,22,23,CNMLAMMM,Qualquer,0.0,-1,0.0,"RL CC 8244/000 500X2,0 NE",0
279,1600075606,40.0,65,3820011531.0,24,25,CNMVSMEB,Qualquer,0.0,-1,0.0,"RL CC 8245/000 1000X5,0-31M 05",2
280,1600075607,40.0,65,3820011531.0,24,25,CNMVSMRL,Qualquer,0.0,-1,0.0,"RL CC 8245/000 1000X5,0-31M NE",2
281,1600075604,30.0,65,3820011531.0,24,25,CNMVSMEB,Qualquer,0.0,-1,0.0,"RL CC 8245/000 1000X3,0-51M 05",2
282,1600075605,30.0,65,3820011531.0,24,25,CNMVSMRL,Qualquer,0.0,-1,0.0,"RL CC 8245/000 1000X3,0-51M NE",2
283,1600075602,20.0,65,3820011531.0,24,25,CNMVSMEB,Qualquer,0.0,-1,0.0,"RL CC 8245/000 1000X3,0-51M 05",2
284,1600075603,20.0,65,3820011531.0,24,25,CNMVSMRL,Qualquer,0.0,-1,0.0,"RL CC 8245/000 1000X3,0-51M NE",2
285,1600075601,10.0,65,3820011531.0,24,25,CNMLAMPL,Qualquer,1.56,-1,0.0,"PL CC 8123/000 915X610X4,0 NE",2
286,1600075600,10.0,65,3820011531.0,24,25,CNMEMBPL,Qualquer,0.0,-1,0.0,"PL CC 8123/000 915X610X4,0 VD",2
287,1600075760,10.0,66,3820011513.0,22,23,CCSEBAAC,Qualquer,0.0,2304,0.0,"RL ML C368/000 600X1,8-2M 02",0
288,1600075764,10.0,66,3820011513.0,22,23,CNMLAMRL,Qualquer,0.0,2304,0.0,"RL CC 8230/000 1220X1,8 NE",0
289,1600075762,10.0,66,3820011513.0,22,23,CCSREBAC,Qualquer,0.0,2304,0.0,"RL ML C368/000 600X1,8 NE",0
290,1600075761,10.0,66,3820011513.0,22,23,CCSENRAC,Qualquer,0.0,2304,0.0,"RL ML C368/000 600X1,8-2M NE",0
291,1600075763,10.0,66,3820011513.0,22,23,CCSCMEAC,Qualquer,0.0,2304,0.0,"RL ML C368/000 1220X1,8 NE",0
292,1600075591,10.0,68,3820011509.0,23,24,CNMLAMLX,Qualquer,2.107,-1,0.0,"PL CC 8303/S21 940X640X20,0 04",1
293,383573180,70.0,70,3820011506.0,28,29,CCSMTAME,Qualquer,0.0,2304,0.0,MB ML C221 12W NT 000 NE,6
294,1600075652,70.0,70,3820011506.0,28,29,CCSEMBME,Qualquer,0.0,2304,0.0,MB ML C221 12W NT 000 00,6
295,383573887,70.0,70,3820011506.0,28,29,CCSSECME,Qualquer,0.0,2304,0.0,"PL ML C221/000 570X375X7,0 NE",6
296,383573183,60.0,70,3820011506.0,28,29,CCSMTMME,Qualquer,0.0,2304,0.0,MB ML C221 15W NT 000 NE,6
297,1600075651,60.0,70,3820011506.0,28,29,CCSEMBME,Qualquer,0.0,2304,0.0,MB ML C221 15W NT 000 00,6
298,1600075589,50.0,70,3820011506.0,28,29,CNMEMBPL,Qualquer,0.0,2304,0.0,"PL CC 8405/S11 915X610X10,0 MA",6
299,1600075590,50.0,70,3820011506.0,28,29,CNMLAMLX,Qualquer,2.302,2304,0.0,"PL CC 8405/S11 915X610X10,0 NE",6
300,1600075585,40.0,70,3820011506.0,28,29,CNMEMBPL,Qualquer,0.0,2304,0.0,"PL CC 8405/S11 915X610X5,0 MA",6
301,1600075587,40.0,70,3820011506.0,28,29,CNMLAMLX,Qualquer,1.151,2304,0.0,"PL CC 8405/S11 915X610X5,0 NE",6
302,1600075583,30.0,70,3820011506.0,28,29,CNMVSMRL,Qualquer,0.0,2304,0.0,"RL CC 8244/000 1000X4,8- 30M NE",6
303,1600075582,30.0,70,3820011506.0,28,29,CNMVSMEB,Qualquer,0.0,2304,0.0,"RL CC 8244/000 1000X4,8-30M MA",6
304,1600075581,20.0,70,3820011506.0,28,29,CNMVSMRL,Qualquer,0.0,2304,0.0,"RL CC 8244/000 1000X3,8- 30M NE",6
305,1600075580,20.0,70,3820011506.0,28,29,CNMVSMEB,Qualquer,0.0,2304,0.0,"RL CC 8244/000 1000X3,8-30M MA",6
306,1600075579,10.0,70,3820011506.0,28,29,CNMVSMRL,Qualquer,0.0,2304,0.0,"RL CC 8244/000 1000X2,8- 30M NE",6
307,1600075578,10.0,70,3820011506.0,28,29,CNMVSMEB,Qualquer,0.0,2304,0.0,"RL CC 8244/000 1000X2,8-30M MA",6
308,1600076908,30.0,71,3820011503.0,22,23,CRMLAMPL,Printing,0.612,-1,0.0,"PL CR S112/PT1 1270X1040X3,0 NE",0
309,1600075346,20.0,71,3820011503.0,22,23,CRMLAMPL,Printing,1.001,-1,0.0,"PL CR S700/PT1 915X915X1,0 NE",0
310,1600075343,10.0,72,3820011503.0,25,26,CRMRLMEI,Qualquer,0.0,-1,0.0,"RL CR 1049/T02 1092X6,0-6,5M NE",3
311,1600075342,10.0,72,3820011503.0,25,26,CRMSERRA,Qualquer,0.0,-1,0.0,"RL CR 1049/T02 50X6,0-6,5M NE",3
312,1600075341,10.0,72,3820011503.0,25,26,CRMEMBPL,Qualquer,0.0,-1,0.0,"RL CR 1049/T02 50X6,0-6,5M 01",3
313,1600075344,10.0,72,3820011503.0,25,26,CRMLAMRL,Qualquer,0.0,-1,0.0,"RL CR 1049/T02 1092X6,0 NE",3
314,1600076521,30.0,73,3820011499.0,26,27,CNMEMBPL,Qualquer,0.0,-1,0.0,"PL CC 8123/000 915X610X5,0 01",4
315,1600076522,30.0,73,3820011499.0,26,27,CNMLAMPL,Qualquer,1.539,-1,0.0,"PL CC 8123/000 915X610X5,0 NE",4
316,1600075495,20.0,73,3820011499.0,26,27,CNMLAMPL,Qualquer,3.14,-1,0.0,"PL CC 8057/000 1000X500X10,0 NE",4
317,1600075494,20.0,73,3820011499.0,26,27,CNMEMBPL,Qualquer,0.0,-1,0.0,"PL CC 8057/000 1000X500X10,0 03",4
318,1600075493,10.0,73,3820011499.0,26,27,CNMLAMPL,Qualquer,3.061,-1,0.0,"PL CC 8057/000 1000X500X6,0 NE",4
319,1600075492,10.0,73,3820011499.0,26,27,CNMEMBPL,Qualquer,0.0,-1,0.0,"PL CC 8057/000 1000X500X6,0 02",4
320,1600075267,30.0,74,3820011495.0,25,26,CRMEMBPL,Qualquer,0.0,-1,0.0,"PL CI 5923/000 940X640X2,0 01",3
321,1600075268,30.0,74,3820011495.0,25,26,CRMLAMPL,Qualquer,1.5,-1,0.0,"PL CI 5923/000 950X650X2,0 NE",3
322,1600075266,20.0,74,3820011495.0,25,26,CRMLAMPL,Qualquer,1.057,-1,0.0,"PL CI 5923/000 950X650X1,0 NE",3
323,1600075265,20.0,74,3820011495.0,25,26,CRMEMBPL,Qualquer,0.0,-1,0.0,"PL CI 5923/000 950X650X1,0 00",3
324,1600075264,10.0,74,3820011495.0,25,26,CRMSERRA,Qualquer,6.18,-1,0.0,"PL CI 5923/000 950X500X30,0 NE",3
325,1600075263,10.0,74,3820011495.0,25,26,CRMEMBPL,Qualquer,0.0,-1,0.0,"PL CI 5923/000 950X500X30,0 01",3
326,1600076420,100.0,75,3820011493.0,25,26,CRMLAMPL,Qualquer,0.135,-1,0.0,"PL CR 1028/T01 1000X1000X1,5 NE",3
327,1600076359,100.0,75,3820011493.0,25,26,CRMEMBPL,Qualquer,0.0,-1,0.0,"PL CR 1028/T01 1000X1000X1,5 LA",3
328,1600075564,90.0,76,3820011493.0,22,22,CRMLAMPL,Printing,0.114,-1,0.0,"PL CR 1028/PTS 1000X1000X1,0 NE",0
329,1600075575,80.0,77,3820011493.0,27,28,CNMLAMLX,Qualquer,2.862,-1,0.0,"PL CC 8004/S11 915X610X25,0 NE",5
330,1600075574,80.0,77,3820011493.0,27,28,CNMEMBPL,Qualquer,0.0,-1,0.0,"PL CC 8004/S11 915X610X25,0 01",5
331,1600076902,70.0,78,3820011493.0,26,27,CRMRLMEI,Qualquer,0.0,-1,0.0,"RL CR S112/PT1 1020X4,0-16M LA",4
332,1600075309,70.0,78,3820011493.0,26,27,CRMLAMRL,Qualquer,0.0,-1,0.0,"RL CR S112/PT1 1020X4,0 NE",4
333,1600076901,60.0,78,3820011493.0,26,27,CRMRLMEI,Qualquer,0.0,-1,0.0,"RL CR S112/PT1 1020X6,0-11M 01",4
334,1600075307,60.0,78,3820011493.0,26,27,CRMLAMRL,Qualquer,0.0,-1,0.0,"RL CR S112/PT1 1020X6,0 NE",4
335,1600075305,50.0,78,3820011493.0,26,27,CRMLAMPL,Qualquer,2.0,-1,0.0,"PL CR 1237/000 1000X1000X3,0 NE",4
336,1600075304,50.0,78,3820011493.0,26,27,CRMEMBPL,Qualquer,0.0,-1,0.0,"PL CR 1237/000 1000X1000X3,0 01",4
337,1600075303,40.0,79,3820011493.0,24,25,CRMLAMPL,Printing,2.084,-1,0.0,"PL CR 1049/PT1 1000X1000X6,0 NE",2
338,1600075573,30.0,77,3820011493.0,27,28,CNMLAMLX,Qualquer,5.083,-1,0.0,"PL CC 8004/S11 915X610X8,0 NE",5
339,1600075572,30.0,77,3820011493.0,27,28,CNMEMBPL,Qualquer,0.0,-1,0.0,"PL CC 8004/S11 915X610X8,0 LA",5
340,1600075571,20.0,77,3820011493.0,27,28,CNMLAMLX,Qualquer,5.152,-1,0.0,"PL CC 8004/S11 915X610X5,0 NE",5
341,1600075570,20.0,77,3820011493.0,27,28,CNMEMBPL,Qualquer,0.0,-1,0.0,"PL CC 8004/S11 915X610X5,0 LA",5
342,1600075569,10.0,77,3820011493.0,27,28,CNMLAMPL,Qualquer,2.483,-1,0.0,"PL CC 8004/000 915X610X3,0 NE",5
343,1600075568,10.0,77,3820011493.0,27,28,CNMEMBPL,Qualquer,0.0,-1,0.0,"PL CC 8004/000 915X610X3,0 DL",5
