,c,semana,quantidade
0,70001382,3,0.0
1,70001382,4,0.0
2,70001382,5,0.0
3,70001382,6,0.0
4,70001382,7,0.0
5,70001382,8,0.0
6,70001382,9,0.0
7,70001382,10,0.0
8,70001382,11,0.0
9,70001382,12,0.0
10,70001382,13,0.0
11,70001382,14,0.0
12,70001382,15,0.0
13,70001382,16,0.0
14,70001382,17,0.0
15,70001382,18,0.0
16,70001382,19,0.0
17,70001382,20,0.0
18,70001382,21,0.0
19,70001382,22,0.0
20,70001382,23,0.0
21,70001382,24,0.0
22,70001382,25,0.0
23,70001382,26,0.0
24,70001382,27,0.0
25,70001382,28,0.0
26,70001382,29,0.0
27,70001382,30,0.0
28,70001382,31,0.0
29,70001382,32,0.0
30,70001382,33,0.0
31,70001382,34,0.0
32,70001382,35,0.0
33,70001382,36,0.0
34,70001382,37,0.0
35,70001382,38,0.0
36,70001382,39,0.0
37,70001382,40,0.0
38,70001382,41,0.0
39,70001382,42,0.0
40,70001382,43,0.0
41,70001382,44,297.0
42,70001382,45,0.0
43,70001382,46,0.0
44,70001382,47,0.0
45,70001382,48,0.0
46,70001382,49,0.0
47,70001382,50,0.0
48,70001382,51,0.0
49,70001382,52,0.0
50,70001382,53,0.0
51,70001382,54,0.0
52,70001382,55,0.0
53,70004828,3,0.0
54,70004828,4,0.0
55,70004828,5,0.0
56,70004828,6,0.0
57,70004828,7,0.0
58,70004828,8,0.0
59,70004828,9,0.0
60,70004828,10,0.0
61,70004828,11,0.0
62,70004828,12,0.0
63,70004828,13,0.0
64,70004828,14,0.0
65,70004828,15,0.0
66,70004828,16,0.0
67,70004828,17,0.0
68,70004828,18,0.0
69,70004828,19,0.0
70,70004828,20,0.0
71,70004828,21,0.0
72,70004828,22,0.0
73,70004828,23,0.0
74,70004828,24,0.0
75,70004828,25,0.0
76,70004828,26,0.0
77,70004828,27,0.0
78,70004828,28,0.0
79,70004828,29,0.0
80,70004828,30,0.0
81,70004828,31,0.0
82,70004828,32,0.0
83,70004828,33,0.0
84,70004828,34,0.0
85,70004828,35,0.0
86,70004828,36,0.0
87,70004828,37,0.0
88,70004828,38,0.0
89,70004828,39,0.0
90,70004828,40,0.0
91,70004828,41,0.0
92,70004828,42,0.0
93,70004828,43,0.0
94,70004828,44,0.0
95,70004828,45,0.0
96,70004828,46,0.0
97,70004828,47,0.0
98,70004828,48,0.0
99,70004828,49,0.0
100,70004828,50,0.0
101,70004828,51,0.0
102,70004828,52,0.0
103,70004828,53,0.0
104,70004828,54,0.0
105,70004828,55,0.0
106,70002074,3,0.0
107,70002074,4,0.0
108,70002074,5,0.0
109,70002074,6,0.0
110,70002074,7,0.0
111,70002074,8,0.0
112,70002074,9,0.0
113,70002074,10,0.0
114,70002074,11,0.0
115,70002074,12,0.0
116,70002074,13,0.0
117,70002074,14,0.0
118,70002074,15,0.0
119,70002074,16,0.0
120,70002074,17,0.0
121,70002074,18,0.0
122,70002074,19,0.0
123,70002074,20,0.0
124,70002074,21,0.0
125,70002074,22,0.0
126,70002074,23,0.0
127,70002074,24,0.0
128,70002074,25,0.0
129,70002074,26,0.0
130,70002074,27,0.0
131,70002074,28,0.0
132,70002074,29,0.0
133,70002074,30,0.0
134,70002074,31,0.0
135,70002074,32,0.0
136,70002074,33,0.0
137,70002074,34,0.0
138,70002074,35,0.0
139,70002074,36,0.0
140,70002074,37,0.0
141,70002074,38,0.0
142,70002074,39,0.0
143,70002074,40,0.0
144,70002074,41,0.0
145,70002074,42,0.0
146,70002074,43,0.0
147,70002074,44,0.0
148,70002074,45,0.0
149,70002074,46,0.0
150,70002074,47,0.0
151,70002074,48,0.0
152,70002074,49,0.0
153,70002074,50,0.0
154,70002074,51,0.0
155,70002074,52,0.0
156,70002074,53,0.0
157,70002074,54,0.0
158,70002074,55,0.0
159,70003386,3,0.0
160,70003386,4,0.0
161,70003386,5,0.0
162,70003386,6,0.0
163,70003386,7,0.0
164,70003386,8,0.0
165,70003386,9,0.0
166,70003386,10,0.0
167,70003386,11,0.0
168,70003386,12,0.0
169,70003386,13,0.0
170,70003386,14,0.0
171,70003386,15,0.0
172,70003386,16,0.0
173,70003386,17,0.0
174,70003386,18,0.0
175,70003386,19,0.0
176,70003386,20,0.0
177,70003386,21,0.0
178,70003386,22,0.0
179,70003386,23,0.0
180,70003386,24,0.0
181,70003386,25,0.0
182,70003386,26,0.0
183,70003386,27,0.0
184,70003386,28,0.0
185,70003386,29,0.0
186,70003386,30,0.0
187,70003386,31,0.0
188,70003386,32,0.0
189,70003386,33,0.0
190,70003386,34,0.0
191,70003386,35,0.0
192,70003386,36,0.0
193,70003386,37,0.0
194,70003386,38,0.0
195,70003386,39,0.0
196,70003386,40,0.0
197,70003386,41,0.0
198,70003386,42,0.0
199,70003386,43,0.0
200,70003386,44,0.0
201,70003386,45,0.0
202,70003386,46,0.0
203,70003386,47,0.0
204,70003386,48,0.0
205,70003386,49,280.01847999999995
206,70003386,50,149.34528
207,70003386,51,0.0
208,70003386,52,0.0
209,70003386,53,0.0
210,70003386,54,0.0
211,70003386,55,0.0
212,70003387,3,0.0
213,70003387,4,0.0
214,70003387,5,0.0
215,70003387,6,0.0
216,70003387,7,0.0
217,70003387,8,0.0
218,70003387,9,0.0
219,70003387,10,0.0
220,70003387,11,0.0
221,70003387,12,0.0
222,70003387,13,0.0
223,70003387,14,0.0
224,70003387,15,0.0
225,70003387,16,0.0
226,70003387,17,0.0
227,70003387,18,0.0
228,70003387,19,0.0
229,70003387,20,0.0
230,70003387,21,0.0
231,70003387,22,0.0
232,70003387,23,0.0
233,70003387,24,0.0
234,70003387,25,0.0
235,70003387,26,0.0
236,70003387,27,0.0
237,70003387,28,0.0
238,70003387,29,0.0
239,70003387,30,0.0
240,70003387,31,0.0
241,70003387,32,0.0
242,70003387,33,0.0
243,70003387,34,0.0
244,70003387,35,0.0
245,70003387,36,0.0
246,70003387,37,0.0
247,70003387,38,0.0
248,70003387,39,0.0
249,70003387,40,0.0
250,70003387,41,0.0
251,70003387,42,0.0
252,70003387,43,0.0
253,70003387,44,0.0
254,70003387,45,0.0
255,70003387,46,0.0
256,70003387,47,0.0
257,70003387,48,0.0
258,70003387,49,0.0
259,70003387,50,0.0
260,70003387,51,0.0
261,70003387,52,0.0
262,70003387,53,0.0
263,70003387,54,0.0
264,70003387,55,0.0
265,70001703,3,0.0
266,70001703,4,0.0
267,70001703,5,0.0
268,70001703,6,0.0
269,70001703,7,0.0
270,70001703,8,0.0
271,70001703,9,0.0
272,70001703,10,0.0
273,70001703,11,0.0
274,70001703,12,0.0
275,70001703,13,0.0
276,70001703,14,0.0
277,70001703,15,0.0
278,70001703,16,0.0
279,70001703,17,0.0
280,70001703,18,0.0
281,70001703,19,0.0
282,70001703,20,0.0
283,70001703,21,0.0
284,70001703,22,0.0
285,70001703,23,0.0
286,70001703,24,0.0
287,70001703,25,0.0
288,70001703,26,0.0
289,70001703,27,0.0
290,70001703,28,0.0
291,70001703,29,0.0
292,70001703,30,0.0
293,70001703,31,0.0
294,70001703,32,0.0
295,70001703,33,0.0
296,70001703,34,0.0
297,70001703,35,0.0
298,70001703,36,0.0
299,70001703,37,0.0
300,70001703,38,0.0
301,70001703,39,0.0
302,70001703,40,0.0
303,70001703,41,0.0
304,70001703,42,0.0
305,70001703,43,0.0
306,70001703,44,0.0
307,70001703,45,0.0
308,70001703,46,0.0
309,70001703,47,0.0
310,70001703,48,0.0
311,70001703,49,0.0
312,70001703,50,0.0
313,70001703,51,0.0
314,70001703,52,0.0
315,70001703,53,0.0
316,70001703,54,0.0
317,70001703,55,0.0
318,70003793,3,0.0
319,70003793,4,0.0
320,70003793,5,0.0
321,70003793,6,0.0
322,70003793,7,0.0
323,70003793,8,0.0
324,70003793,9,0.0
325,70003793,10,0.0
326,70003793,11,0.0
327,70003793,12,0.0
328,70003793,13,0.0
329,70003793,14,0.0
330,70003793,15,0.0
331,70003793,16,0.0
332,70003793,17,0.0
333,70003793,18,0.0
334,70003793,19,0.0
335,70003793,20,0.0
336,70003793,21,0.0
337,70003793,22,0.0
338,70003793,23,0.0
339,70003793,24,0.0
340,70003793,25,0.0
341,70003793,26,0.0
342,70003793,27,0.0
343,70003793,28,0.0
344,70003793,29,0.0
345,70003793,30,0.0
346,70003793,31,0.0
347,70003793,32,0.0
348,70003793,33,0.0
349,70003793,34,0.0
350,70003793,35,0.0
351,70003793,36,0.0
352,70003793,37,0.0
353,70003793,38,0.0
354,70003793,39,0.0
355,70003793,40,0.0
356,70003793,41,0.0
357,70003793,42,114.0
358,70003793,43,0.0
359,70003793,44,0.0
360,70003793,45,0.0
361,70003793,46,0.0
362,70003793,47,0.0
363,70003793,48,0.0
364,70003793,49,110.0
365,70003793,50,0.0
366,70003793,51,0.0
367,70003793,52,0.0
368,70003793,53,0.0
369,70003793,54,0.0
370,70003793,55,0.0
371,70001725,3,0.0
372,70001725,4,0.0
373,70001725,5,0.0
374,70001725,6,0.0
375,70001725,7,0.0
376,70001725,8,0.0
377,70001725,9,0.0
378,70001725,10,0.0
379,70001725,11,0.0
380,70001725,12,0.0
381,70001725,13,0.0
382,70001725,14,0.0
383,70001725,15,0.0
384,70001725,16,0.0
385,70001725,17,0.0
386,70001725,18,0.0
387,70001725,19,0.0
388,70001725,20,0.0
389,70001725,21,0.0
390,70001725,22,0.0
391,70001725,23,0.0
392,70001725,24,0.0
393,70001725,25,0.0
394,70001725,26,0.0
395,70001725,27,0.0
396,70001725,28,0.0
397,70001725,29,0.0
398,70001725,30,0.0
399,70001725,31,0.0
400,70001725,32,0.0
401,70001725,33,0.0
402,70001725,34,0.0
403,70001725,35,0.0
404,70001725,36,0.0
405,70001725,37,0.0
406,70001725,38,0.0
407,70001725,39,0.0
408,70001725,40,0.0
409,70001725,41,0.0
410,70001725,42,0.0
411,70001725,43,0.0
412,70001725,44,0.0
413,70001725,45,0.0
414,70001725,46,0.0
415,70001725,47,0.0
416,70001725,48,0.0
417,70001725,49,0.0
418,70001725,50,0.0
419,70001725,51,0.0
420,70001725,52,0.0
421,70001725,53,0.0
422,70001725,54,0.0
423,70001725,55,0.0
424,70002130,3,0.0
425,70002130,4,0.0
426,70002130,5,0.0
427,70002130,6,0.0
428,70002130,7,0.0
429,70002130,8,0.0
430,70002130,9,0.0
431,70002130,10,0.0
432,70002130,11,0.0
433,70002130,12,0.0
434,70002130,13,0.0
435,70002130,14,0.0
436,70002130,15,0.0
437,70002130,16,0.0
438,70002130,17,0.0
439,70002130,18,0.0
440,70002130,19,0.0
441,70002130,20,0.0
442,70002130,21,0.0
443,70002130,22,0.0
444,70002130,23,0.0
445,70002130,24,0.0
446,70002130,25,0.0
447,70002130,26,0.0
448,70002130,27,0.0
449,70002130,28,0.0
450,70002130,29,0.0
451,70002130,30,0.0
452,70002130,31,0.0
453,70002130,32,0.0
454,70002130,33,0.0
455,70002130,34,0.0
456,70002130,35,0.0
457,70002130,36,0.0
458,70002130,37,0.0
459,70002130,38,0.0
460,70002130,39,0.0
461,70002130,40,0.0
462,70002130,41,0.0
463,70002130,42,0.0
464,70002130,43,0.0
465,70002130,44,0.0
466,70002130,45,0.0
467,70002130,46,0.0
468,70002130,47,0.0
469,70002130,48,0.0
470,70002130,49,0.0
471,70002130,50,0.0
472,70002130,51,0.0
473,70002130,52,0.0
474,70002130,53,0.0
475,70002130,54,0.0
476,70002130,55,0.0
477,70002708,3,0.0
478,70002708,4,0.0
479,70002708,5,0.0
480,70002708,6,0.0
481,70002708,7,0.0
482,70002708,8,0.0
483,70002708,9,0.0
484,70002708,10,0.0
485,70002708,11,0.0
486,70002708,12,0.0
487,70002708,13,0.0
488,70002708,14,0.0
489,70002708,15,0.0
490,70002708,16,0.0
491,70002708,17,0.0
492,70002708,18,0.0
493,70002708,19,0.0
494,70002708,20,0.0
495,70002708,21,0.0
496,70002708,22,0.0
497,70002708,23,0.0
498,70002708,24,0.0
499,70002708,25,0.0
500,70002708,26,0.0
501,70002708,27,0.0
502,70002708,28,0.0
503,70002708,29,0.0
504,70002708,30,0.0
505,70002708,31,0.0
506,70002708,32,0.0
507,70002708,33,0.0
508,70002708,34,0.0
509,70002708,35,0.0
510,70002708,36,0.0
511,70002708,37,0.0
512,70002708,38,0.0
513,70002708,39,0.0
514,70002708,40,0.0
515,70002708,41,0.0
516,70002708,42,0.0
517,70002708,43,0.0
518,70002708,44,0.0
519,70002708,45,0.0
520,70002708,46,0.0
521,70002708,47,0.0
522,70002708,48,0.0
523,70002708,49,0.0
524,70002708,50,0.0
525,70002708,51,0.0
526,70002708,52,0.0
527,70002708,53,0.0
528,70002708,54,0.0
529,70002708,55,0.0
530,70002129,3,0.0
531,70002129,4,0.0
532,70002129,5,0.0
533,70002129,6,0.0
534,70002129,7,0.0
535,70002129,8,0.0
536,70002129,9,0.0
537,70002129,10,0.0
538,70002129,11,0.0
539,70002129,12,0.0
540,70002129,13,0.0
541,70002129,14,0.0
542,70002129,15,0.0
543,70002129,16,0.0
544,70002129,17,0.0
545,70002129,18,0.0
546,70002129,19,0.0
547,70002129,20,0.0
548,70002129,21,0.0
549,70002129,22,0.0
550,70002129,23,0.0
551,70002129,24,0.0
552,70002129,25,0.0
553,70002129,26,0.0
554,70002129,27,0.0
555,70002129,28,0.0
556,70002129,29,0.0
557,70002129,30,0.0
558,70002129,31,0.0
559,70002129,32,0.0
560,70002129,33,0.0
561,70002129,34,0.0
562,70002129,35,0.0
563,70002129,36,0.0
564,70002129,37,0.0
565,70002129,38,0.0
566,70002129,39,0.0
567,70002129,40,0.0
568,70002129,41,0.0
569,70002129,42,0.0
570,70002129,43,0.0
571,70002129,44,0.0
572,70002129,45,0.0
573,70002129,46,0.0
574,70002129,47,0.0
575,70002129,48,0.0
576,70002129,49,10.0
577,70002129,50,0.0
578,70002129,51,0.0
579,70002129,52,0.0
580,70002129,53,0.0
581,70002129,54,0.0
582,70002129,55,0.0
583,70007414,3,0.0
584,70007414,4,0.0
585,70007414,5,0.0
586,70007414,6,0.0
587,70007414,7,0.0
588,70007414,8,0.0
589,70007414,9,0.0
590,70007414,10,0.0
591,70007414,11,0.0
592,70007414,12,0.0
593,70007414,13,0.0
594,70007414,14,0.0
595,70007414,15,0.0
596,70007414,16,0.0
597,70007414,17,0.0
598,70007414,18,0.0
599,70007414,19,0.0
600,70007414,20,0.0
601,70007414,21,0.0
602,70007414,22,0.0
603,70007414,23,0.0
604,70007414,24,0.0
605,70007414,25,0.0
606,70007414,26,0.0
607,70007414,27,0.0
608,70007414,28,0.0
609,70007414,29,0.0
610,70007414,30,0.0
611,70007414,31,0.0
612,70007414,32,0.0
613,70007414,33,0.0
614,70007414,34,0.0
615,70007414,35,0.0
616,70007414,36,0.0
617,70007414,37,0.0
618,70007414,38,0.0
619,70007414,39,0.0
620,70007414,40,0.0
621,70007414,41,0.0
622,70007414,42,0.0
623,70007414,43,0.0
624,70007414,44,0.0
625,70007414,45,0.0
626,70007414,46,0.0
627,70007414,47,0.0
628,70007414,48,0.0
629,70007414,49,0.0
630,70007414,50,0.0
631,70007414,51,0.0
632,70007414,52,0.0
633,70007414,53,0.0
634,70007414,54,0.0
635,70007414,55,0.0
636,70012058,3,0.0
637,70012058,4,0.0
638,70012058,5,0.0
639,70012058,6,0.0
640,70012058,7,0.0
641,70012058,8,0.0
642,70012058,9,0.0
643,70012058,10,0.0
644,70012058,11,0.0
645,70012058,12,0.0
646,70012058,13,0.0
647,70012058,14,0.0
648,70012058,15,0.0
649,70012058,16,0.0
650,70012058,17,0.0
651,70012058,18,0.0
652,70012058,19,0.0
653,70012058,20,0.0
654,70012058,21,0.0
655,70012058,22,0.0
656,70012058,23,0.0
657,70012058,24,0.0
658,70012058,25,0.0
659,70012058,26,0.0
660,70012058,27,0.0
661,70012058,28,0.0
662,70012058,29,0.0
663,70012058,30,0.0
664,70012058,31,0.0
665,70012058,32,0.0
666,70012058,33,0.0
667,70012058,34,0.0
668,70012058,35,0.0
669,70012058,36,0.0
670,70012058,37,0.0
671,70012058,38,0.0
672,70012058,39,0.0
673,70012058,40,0.0
674,70012058,41,0.0
675,70012058,42,0.0
676,70012058,43,0.0
677,70012058,44,0.0
678,70012058,45,0.0
679,70012058,46,0.0
680,70012058,47,0.0
681,70012058,48,0.0
682,70012058,49,0.0
683,70012058,50,0.0
684,70012058,51,0.0
685,70012058,52,0.0
686,70012058,53,0.0
687,70012058,54,0.0
688,70012058,55,0.0
689,70000081,3,0.0
690,70000081,4,0.0
691,70000081,5,0.0
692,70000081,6,0.0
693,70000081,7,0.0
694,70000081,8,0.0
695,70000081,9,0.0
696,70000081,10,0.0
697,70000081,11,0.0
698,70000081,12,0.0
699,70000081,13,0.0
700,70000081,14,0.0
701,70000081,15,0.0
702,70000081,16,0.0
703,70000081,17,0.0
704,70000081,18,0.0
705,70000081,19,0.0
706,70000081,20,0.0
707,70000081,21,0.0
708,70000081,22,0.0
709,70000081,23,0.0
710,70000081,24,0.0
711,70000081,25,0.0
712,70000081,26,0.0
713,70000081,27,0.0
714,70000081,28,0.0
715,70000081,29,0.0
716,70000081,30,0.0
717,70000081,31,0.0
718,70000081,32,0.0
719,70000081,33,0.0
720,70000081,34,0.0
721,70000081,35,0.0
722,70000081,36,0.0
723,70000081,37,0.0
724,70000081,38,0.0
725,70000081,39,0.0
726,70000081,40,0.0
727,70000081,41,0.0
728,70000081,42,0.0
729,70000081,43,0.0
730,70000081,44,0.0
731,70000081,45,0.0
732,70000081,46,0.0
733,70000081,47,0.0
734,70000081,48,0.0
735,70000081,49,0.0
736,70000081,50,0.0
737,70000081,51,0.0
738,70000081,52,0.0
739,70000081,53,0.0
740,70000081,54,0.0
741,70000081,55,0.0
742,70000009,3,0.0
743,70000009,4,0.0
744,70000009,5,0.0
745,70000009,6,0.0
746,70000009,7,0.0
747,70000009,8,0.0
748,70000009,9,0.0
749,70000009,10,0.0
750,70000009,11,0.0
751,70000009,12,0.0
752,70000009,13,0.0
753,70000009,14,0.0
754,70000009,15,0.0
755,70000009,16,0.0
756,70000009,17,0.0
757,70000009,18,0.0
758,70000009,19,0.0
759,70000009,20,0.0
760,70000009,21,0.0
761,70000009,22,0.0
762,70000009,23,0.0
763,70000009,24,0.0
764,70000009,25,0.0
765,70000009,26,0.0
766,70000009,27,0.0
767,70000009,28,0.0
768,70000009,29,0.0
769,70000009,30,0.0
770,70000009,31,0.0
771,70000009,32,0.0
772,70000009,33,0.0
773,70000009,34,0.0
774,70000009,35,0.0
775,70000009,36,0.0
776,70000009,37,0.0
777,70000009,38,0.0
778,70000009,39,0.0
779,70000009,40,0.0
780,70000009,41,0.0
781,70000009,42,0.0
782,70000009,43,0.0
783,70000009,44,0.0
784,70000009,45,0.0
785,70000009,46,0.0
786,70000009,47,0.0
787,70000009,48,0.0
788,70000009,49,0.0
789,70000009,50,0.0
790,70000009,51,0.0
791,70000009,52,0.0
792,70000009,53,0.0
793,70000009,54,0.0
794,70000009,55,0.0
795,70001850,3,0.0
796,70001850,4,0.0
797,70001850,5,0.0
798,70001850,6,0.0
799,70001850,7,0.0
800,70001850,8,0.0
801,70001850,9,0.0
802,70001850,10,0.0
803,70001850,11,0.0
804,70001850,12,0.0
805,70001850,13,0.0
806,70001850,14,0.0
807,70001850,15,0.0
808,70001850,16,0.0
809,70001850,17,0.0
810,70001850,18,0.0
811,70001850,19,0.0
812,70001850,20,0.0
813,70001850,21,0.0
814,70001850,22,0.0
815,70001850,23,0.0
816,70001850,24,0.0
817,70001850,25,0.0
818,70001850,26,0.0
819,70001850,27,0.0
820,70001850,28,0.0
821,70001850,29,0.0
822,70001850,30,0.0
823,70001850,31,0.0
824,70001850,32,0.0
825,70001850,33,0.0
826,70001850,34,0.0
827,70001850,35,0.0
828,70001850,36,0.0
829,70001850,37,0.0
830,70001850,38,0.0
831,70001850,39,0.0
832,70001850,40,0.0
833,70001850,41,0.0
834,70001850,42,0.0
835,70001850,43,0.0
836,70001850,44,0.0
837,70001850,45,0.0
838,70001850,46,0.0
839,70001850,47,0.0
840,70001850,48,0.0
841,70001850,49,0.0
842,70001850,50,0.0
843,70001850,51,0.0
844,70001850,52,0.0
845,70001850,53,0.0
846,70001850,54,0.0
847,70001850,55,0.0
848,70004145,3,0.0
849,70004145,4,0.0
850,70004145,5,0.0
851,70004145,6,0.0
852,70004145,7,0.0
853,70004145,8,0.0
854,70004145,9,0.0
855,70004145,10,0.0
856,70004145,11,0.0
857,70004145,12,0.0
858,70004145,13,0.0
859,70004145,14,0.0
860,70004145,15,0.0
861,70004145,16,0.0
862,70004145,17,0.0
863,70004145,18,0.0
864,70004145,19,0.0
865,70004145,20,0.0
866,70004145,21,0.0
867,70004145,22,0.0
868,70004145,23,0.0
869,70004145,24,0.0
870,70004145,25,0.0
871,70004145,26,0.0
872,70004145,27,0.0
873,70004145,28,0.0
874,70004145,29,0.0
875,70004145,30,0.0
876,70004145,31,0.0
877,70004145,32,0.0
878,70004145,33,0.0
879,70004145,34,0.0
880,70004145,35,0.0
881,70004145,36,0.0
882,70004145,37,0.0
883,70004145,38,0.0
884,70004145,39,0.0
885,70004145,40,0.0
886,70004145,41,0.0
887,70004145,42,0.0
888,70004145,43,0.0
889,70004145,44,0.0
890,70004145,45,0.0
891,70004145,46,0.0
892,70004145,47,0.0
893,70004145,48,0.0
894,70004145,49,0.0
895,70004145,50,0.0
896,70004145,51,0.0
897,70004145,52,0.0
898,70004145,53,0.0
899,70004145,54,0.0
900,70004145,55,0.0
901,70000708,3,0.0
902,70000708,4,0.0
903,70000708,5,0.0
904,70000708,6,0.0
905,70000708,7,0.0
906,70000708,8,0.0
907,70000708,9,0.0
908,70000708,10,0.0
909,70000708,11,0.0
910,70000708,12,0.0
911,70000708,13,0.0
912,70000708,14,0.0
913,70000708,15,0.0
914,70000708,16,0.0
915,70000708,17,0.0
916,70000708,18,0.0
917,70000708,19,0.0
918,70000708,20,0.0
919,70000708,21,0.0
920,70000708,22,0.0
921,70000708,23,0.0
922,70000708,24,0.0
923,70000708,25,0.0
924,70000708,26,0.0
925,70000708,27,0.0
926,70000708,28,0.0
927,70000708,29,0.0
928,70000708,30,0.0
929,70000708,31,0.0
930,70000708,32,0.0
931,70000708,33,0.0
932,70000708,34,0.0
933,70000708,35,0.0
934,70000708,36,0.0
935,70000708,37,0.0
936,70000708,38,0.0
937,70000708,39,0.0
938,70000708,40,0.0
939,70000708,41,0.0
940,70000708,42,0.0
941,70000708,43,0.0
942,70000708,44,0.0
943,70000708,45,0.0
944,70000708,46,0.0
945,70000708,47,0.0
946,70000708,48,0.0
947,70000708,49,9.0
948,70000708,50,0.0
949,70000708,51,0.0
950,70000708,52,0.0
951,70000708,53,0.0
952,70000708,54,0.0
953,70000708,55,0.0
954,70001330,3,0.0
955,70001330,4,0.0
956,70001330,5,0.0
957,70001330,6,0.0
958,70001330,7,0.0
959,70001330,8,0.0
960,70001330,9,0.0
961,70001330,10,0.0
962,70001330,11,0.0
963,70001330,12,0.0
964,70001330,13,0.0
965,70001330,14,0.0
966,70001330,15,0.0
967,70001330,16,0.0
968,70001330,17,0.0
969,70001330,18,0.0
970,70001330,19,0.0
971,70001330,20,0.0
972,70001330,21,0.0
973,70001330,22,0.0
974,70001330,23,0.0
975,70001330,24,0.0
976,70001330,25,0.0
977,70001330,26,0.0
978,70001330,27,0.0
979,70001330,28,0.0
980,70001330,29,0.0
981,70001330,30,0.0
982,70001330,31,0.0
983,70001330,32,0.0
984,70001330,33,0.0
985,70001330,34,0.0
986,70001330,35,0.0
987,70001330,36,0.0
988,70001330,37,0.0
989,70001330,38,0.0
990,70001330,39,0.0
991,70001330,40,0.0
992,70001330,41,0.0
993,70001330,42,0.0
994,70001330,43,0.0
995,70001330,44,0.0
996,70001330,45,0.0
997,70001330,46,0.0
998,70001330,47,0.0
999,70001330,48,0.0
1000,70001330,49,0.0
1001,70001330,50,0.0
1002,70001330,51,0.0
1003,70001330,52,0.0
1004,70001330,53,0.0
1005,70001330,54,0.0
1006,70001330,55,0.0
1007,70005414,3,0.0
1008,70005414,4,0.0
1009,70005414,5,0.0
1010,70005414,6,0.0
1011,70005414,7,0.0
1012,70005414,8,0.0
1013,70005414,9,0.0
1014,70005414,10,0.0
1015,70005414,11,0.0
1016,70005414,12,0.0
1017,70005414,13,0.0
1018,70005414,14,0.0
1019,70005414,15,0.0
1020,70005414,16,0.0
1021,70005414,17,0.0
1022,70005414,18,0.0
1023,70005414,19,0.0
1024,70005414,20,0.0
1025,70005414,21,0.0
1026,70005414,22,0.0
1027,70005414,23,0.0
1028,70005414,24,0.0
1029,70005414,25,0.0
1030,70005414,26,0.0
1031,70005414,27,0.0
1032,70005414,28,0.0
1033,70005414,29,0.0
1034,70005414,30,0.0
1035,70005414,31,0.0
1036,70005414,32,0.0
1037,70005414,33,0.0
1038,70005414,34,0.0
1039,70005414,35,0.0
1040,70005414,36,0.0
1041,70005414,37,0.0
1042,70005414,38,0.0
1043,70005414,39,0.0
1044,70005414,40,0.0
1045,70005414,41,0.0
1046,70005414,42,0.0
1047,70005414,43,0.0
1048,70005414,44,0.0
1049,70005414,45,0.0
1050,70005414,46,0.0
1051,70005414,47,0.0
1052,70005414,48,0.0
1053,70005414,49,0.0
1054,70005414,50,0.0
1055,70005414,51,0.0
1056,70005414,52,0.0
1057,70005414,53,0.0
1058,70005414,54,0.0
1059,70005414,55,0.0
1060,70000695,3,0.0
1061,70000695,4,0.0
1062,70000695,5,0.0
1063,70000695,6,0.0
1064,70000695,7,0.0
1065,70000695,8,0.0
1066,70000695,9,0.0
1067,70000695,10,0.0
1068,70000695,11,0.0
1069,70000695,12,0.0
1070,70000695,13,0.0
1071,70000695,14,0.0
1072,70000695,15,0.0
1073,70000695,16,0.0
1074,70000695,17,0.0
1075,70000695,18,0.0
1076,70000695,19,0.0
1077,70000695,20,0.0
1078,70000695,21,0.0
1079,70000695,22,0.0
1080,70000695,23,0.0
1081,70000695,24,0.0
1082,70000695,25,0.0
1083,70000695,26,0.0
1084,70000695,27,0.0
1085,70000695,28,0.0
1086,70000695,29,0.0
1087,70000695,30,0.0
1088,70000695,31,0.0
1089,70000695,32,0.0
1090,70000695,33,0.0
1091,70000695,34,0.0
1092,70000695,35,0.0
1093,70000695,36,0.0
1094,70000695,37,0.0
1095,70000695,38,0.0
1096,70000695,39,0.0
1097,70000695,40,0.0
1098,70000695,41,0.0
1099,70000695,42,0.0
1100,70000695,43,0.0
1101,70000695,44,0.0
1102,70000695,45,0.0
1103,70000695,46,0.0
1104,70000695,47,0.0
1105,70000695,48,0.0
1106,70000695,49,0.0
1107,70000695,50,0.0
1108,70000695,51,0.0
1109,70000695,52,0.0
1110,70000695,53,0.0
1111,70000695,54,0.0
1112,70000695,55,0.0
1113,70002944,3,0.0
1114,70002944,4,0.0
1115,70002944,5,0.0
1116,70002944,6,0.0
1117,70002944,7,0.0
1118,70002944,8,0.0
1119,70002944,9,0.0
1120,70002944,10,0.0
1121,70002944,11,0.0
1122,70002944,12,0.0
1123,70002944,13,0.0
1124,70002944,14,0.0
1125,70002944,15,0.0
1126,70002944,16,0.0
1127,70002944,17,0.0
1128,70002944,18,0.0
1129,70002944,19,0.0
1130,70002944,20,0.0
1131,70002944,21,0.0
1132,70002944,22,0.0
1133,70002944,23,0.0
1134,70002944,24,0.0
1135,70002944,25,0.0
1136,70002944,26,0.0
1137,70002944,27,0.0
1138,70002944,28,0.0
1139,70002944,29,0.0
1140,70002944,30,0.0
1141,70002944,31,0.0
1142,70002944,32,0.0
1143,70002944,33,0.0
1144,70002944,34,0.0
1145,70002944,35,0.0
1146,70002944,36,0.0
1147,70002944,37,0.0
1148,70002944,38,0.0
1149,70002944,39,0.0
1150,70002944,40,0.0
1151,70002944,41,0.0
1152,70002944,42,0.0
1153,70002944,43,0.0
1154,70002944,44,0.0
1155,70002944,45,0.0
1156,70002944,46,0.0
1157,70002944,47,0.0
1158,70002944,48,0.0
1159,70002944,49,0.0
1160,70002944,50,0.0
1161,70002944,51,0.0
1162,70002944,52,0.0
1163,70002944,53,0.0
1164,70002944,54,0.0
1165,70002944,55,0.0
1166,70002846,3,0.0
1167,70002846,4,0.0
1168,70002846,5,0.0
1169,70002846,6,0.0
1170,70002846,7,0.0
1171,70002846,8,0.0
1172,70002846,9,0.0
1173,70002846,10,0.0
1174,70002846,11,0.0
1175,70002846,12,0.0
1176,70002846,13,0.0
1177,70002846,14,0.0
1178,70002846,15,0.0
1179,70002846,16,0.0
1180,70002846,17,0.0
1181,70002846,18,0.0
1182,70002846,19,0.0
1183,70002846,20,0.0
1184,70002846,21,0.0
1185,70002846,22,0.0
1186,70002846,23,0.0
1187,70002846,24,0.0
1188,70002846,25,0.0
1189,70002846,26,0.0
1190,70002846,27,0.0
1191,70002846,28,0.0
1192,70002846,29,0.0
1193,70002846,30,0.0
1194,70002846,31,0.0
1195,70002846,32,0.0
1196,70002846,33,0.0
1197,70002846,34,0.0
1198,70002846,35,0.0
1199,70002846,36,0.0
1200,70002846,37,0.0
1201,70002846,38,0.0
1202,70002846,39,0.0
1203,70002846,40,0.0
1204,70002846,41,0.0
1205,70002846,42,0.0
1206,70002846,43,0.0
1207,70002846,44,0.0
1208,70002846,45,0.0
1209,70002846,46,0.0
1210,70002846,47,0.0
1211,70002846,48,0.0
1212,70002846,49,0.0
1213,70002846,50,0.0
1214,70002846,51,0.0
1215,70002846,52,0.0
1216,70002846,53,0.0
1217,70002846,54,0.0
1218,70002846,55,0.0
1219,70002854,3,0.0
1220,70002854,4,0.0
1221,70002854,5,0.0
1222,70002854,6,0.0
1223,70002854,7,0.0
1224,70002854,8,0.0
1225,70002854,9,0.0
1226,70002854,10,0.0
1227,70002854,11,0.0
1228,70002854,12,0.0
1229,70002854,13,0.0
1230,70002854,14,0.0
1231,70002854,15,0.0
1232,70002854,16,0.0
1233,70002854,17,0.0
1234,70002854,18,0.0
1235,70002854,19,0.0
1236,70002854,20,0.0
1237,70002854,21,0.0
1238,70002854,22,0.0
1239,70002854,23,0.0
1240,70002854,24,0.0
1241,70002854,25,0.0
1242,70002854,26,0.0
1243,70002854,27,0.0
1244,70002854,28,0.0
1245,70002854,29,0.0
1246,70002854,30,0.0
1247,70002854,31,0.0
1248,70002854,32,0.0
1249,70002854,33,0.0
1250,70002854,34,0.0
1251,70002854,35,0.0
1252,70002854,36,0.0
1253,70002854,37,0.0
1254,70002854,38,0.0
1255,70002854,39,0.0
1256,70002854,40,0.0
1257,70002854,41,0.0
1258,70002854,42,0.0
1259,70002854,43,0.0
1260,70002854,44,0.0
1261,70002854,45,0.0
1262,70002854,46,0.0
1263,70002854,47,0.0
1264,70002854,48,0.0
1265,70002854,49,0.0
1266,70002854,50,0.0
1267,70002854,51,0.0
1268,70002854,52,0.0
1269,70002854,53,0.0
1270,70002854,54,0.0
1271,70002854,55,0.0
1272,70002845,3,0.0
1273,70002845,4,0.0
1274,70002845,5,0.0
1275,70002845,6,0.0
1276,70002845,7,0.0
1277,70002845,8,0.0
1278,70002845,9,0.0
1279,70002845,10,0.0
1280,70002845,11,0.0
1281,70002845,12,0.0
1282,70002845,13,0.0
1283,70002845,14,0.0
1284,70002845,15,0.0
1285,70002845,16,0.0
1286,70002845,17,0.0
1287,70002845,18,0.0
1288,70002845,19,0.0
1289,70002845,20,0.0
1290,70002845,21,0.0
1291,70002845,22,0.0
1292,70002845,23,0.0
1293,70002845,24,0.0
1294,70002845,25,0.0
1295,70002845,26,0.0
1296,70002845,27,0.0
1297,70002845,28,0.0
1298,70002845,29,0.0
1299,70002845,30,0.0
1300,70002845,31,0.0
1301,70002845,32,0.0
1302,70002845,33,0.0
1303,70002845,34,0.0
1304,70002845,35,0.0
1305,70002845,36,0.0
1306,70002845,37,0.0
1307,70002845,38,0.0
1308,70002845,39,0.0
1309,70002845,40,0.0
1310,70002845,41,0.0
1311,70002845,42,0.0
1312,70002845,43,0.0
1313,70002845,44,0.0
1314,70002845,45,0.0
1315,70002845,46,0.0
1316,70002845,47,0.0
1317,70002845,48,0.0
1318,70002845,49,0.0
1319,70002845,50,18.0
1320,70002845,51,0.0
1321,70002845,52,0.0
1322,70002845,53,0.0
1323,70002845,54,0.0
1324,70002845,55,0.0
1325,70003260,3,0.0
1326,70003260,4,0.0
1327,70003260,5,0.0
1328,70003260,6,0.0
1329,70003260,7,0.0
1330,70003260,8,0.0
1331,70003260,9,0.0
1332,70003260,10,0.0
1333,70003260,11,0.0
1334,70003260,12,0.0
1335,70003260,13,0.0
1336,70003260,14,0.0
1337,70003260,15,0.0
1338,70003260,16,0.0
1339,70003260,17,0.0
1340,70003260,18,0.0
1341,70003260,19,0.0
1342,70003260,20,0.0
1343,70003260,21,0.0
1344,70003260,22,0.0
1345,70003260,23,0.0
1346,70003260,24,0.0
1347,70003260,25,0.0
1348,70003260,26,0.0
1349,70003260,27,0.0
1350,70003260,28,0.0
1351,70003260,29,0.0
1352,70003260,30,0.0
1353,70003260,31,0.0
1354,70003260,32,0.0
1355,70003260,33,0.0
1356,70003260,34,0.0
1357,70003260,35,0.0
1358,70003260,36,0.0
1359,70003260,37,0.0
1360,70003260,38,0.0
1361,70003260,39,0.0
1362,70003260,40,0.0
1363,70003260,41,0.0
1364,70003260,42,0.0
1365,70003260,43,0.0
1366,70003260,44,0.0
1367,70003260,45,0.0
1368,70003260,46,0.0
1369,70003260,47,0.0
1370,70003260,48,0.0
1371,70003260,49,0.0
1372,70003260,50,0.0
1373,70003260,51,0.0
1374,70003260,52,0.0
1375,70003260,53,0.0
1376,70003260,54,0.0
1377,70003260,55,0.0
1378,70002874,3,0.0
1379,70002874,4,0.0
1380,70002874,5,0.0
1381,70002874,6,0.0
1382,70002874,7,0.0
1383,70002874,8,0.0
1384,70002874,9,0.0
1385,70002874,10,0.0
1386,70002874,11,0.0
1387,70002874,12,0.0
1388,70002874,13,0.0
1389,70002874,14,0.0
1390,70002874,15,0.0
1391,70002874,16,0.0
1392,70002874,17,0.0
1393,70002874,18,0.0
1394,70002874,19,0.0
1395,70002874,20,0.0
1396,70002874,21,0.0
1397,70002874,22,0.0
1398,70002874,23,0.0
1399,70002874,24,0.0
1400,70002874,25,0.0
1401,70002874,26,0.0
1402,70002874,27,0.0
1403,70002874,28,0.0
1404,70002874,29,0.0
1405,70002874,30,0.0
1406,70002874,31,0.0
1407,70002874,32,0.0
1408,70002874,33,0.0
1409,70002874,34,0.0
1410,70002874,35,0.0
1411,70002874,36,0.0
1412,70002874,37,0.0
1413,70002874,38,0.0
1414,70002874,39,0.0
1415,70002874,40,0.0
1416,70002874,41,0.0
1417,70002874,42,0.0
1418,70002874,43,0.0
1419,70002874,44,0.0
1420,70002874,45,0.0
1421,70002874,46,0.0
1422,70002874,47,0.0
1423,70002874,48,0.0
1424,70002874,49,0.0
1425,70002874,50,0.0
1426,70002874,51,0.0
1427,70002874,52,0.0
1428,70002874,53,0.0
1429,70002874,54,0.0
1430,70002874,55,0.0
1431,70003612,3,0.0
1432,70003612,4,0.0
1433,70003612,5,0.0
1434,70003612,6,0.0
1435,70003612,7,0.0
1436,70003612,8,0.0
1437,70003612,9,0.0
1438,70003612,10,0.0
1439,70003612,11,0.0
1440,70003612,12,0.0
1441,70003612,13,0.0
1442,70003612,14,0.0
1443,70003612,15,0.0
1444,70003612,16,0.0
1445,70003612,17,0.0
1446,70003612,18,0.0
1447,70003612,19,0.0
1448,70003612,20,0.0
1449,70003612,21,0.0
1450,70003612,22,0.0
1451,70003612,23,0.0
1452,70003612,24,0.0
1453,70003612,25,0.0
1454,70003612,26,0.0
1455,70003612,27,0.0
1456,70003612,28,0.0
1457,70003612,29,0.0
1458,70003612,30,0.0
1459,70003612,31,0.0
1460,70003612,32,0.0
1461,70003612,33,0.0
1462,70003612,34,0.0
1463,70003612,35,0.0
1464,70003612,36,0.0
1465,70003612,37,0.0
1466,70003612,38,0.0
1467,70003612,39,0.0
1468,70003612,40,0.0
1469,70003612,41,0.0
1470,70003612,42,0.0
1471,70003612,43,0.0
1472,70003612,44,0.0
1473,70003612,45,0.0
1474,70003612,46,0.0
1475,70003612,47,0.0
1476,70003612,48,0.0
1477,70003612,49,0.0
1478,70003612,50,0.0
1479,70003612,51,0.0
1480,70003612,52,0.0
1481,70003612,53,0.0
1482,70003612,54,0.0
1483,70003612,55,0.0
1484,70003300,3,0.0
1485,70003300,4,0.0
1486,70003300,5,0.0
1487,70003300,6,0.0
1488,70003300,7,0.0
1489,70003300,8,0.0
1490,70003300,9,0.0
1491,70003300,10,0.0
1492,70003300,11,0.0
1493,70003300,12,0.0
1494,70003300,13,0.0
1495,70003300,14,0.0
1496,70003300,15,0.0
1497,70003300,16,0.0
1498,70003300,17,0.0
1499,70003300,18,0.0
1500,70003300,19,0.0
1501,70003300,20,0.0
1502,70003300,21,0.0
1503,70003300,22,0.0
1504,70003300,23,0.0
1505,70003300,24,0.0
1506,70003300,25,0.0
1507,70003300,26,0.0
1508,70003300,27,0.0
1509,70003300,28,0.0
1510,70003300,29,0.0
1511,70003300,30,0.0
1512,70003300,31,0.0
1513,70003300,32,0.0
1514,70003300,33,0.0
1515,70003300,34,0.0
1516,70003300,35,0.0
1517,70003300,36,0.0
1518,70003300,37,0.0
1519,70003300,38,0.0
1520,70003300,39,0.0
1521,70003300,40,0.0
1522,70003300,41,0.0
1523,70003300,42,0.0
1524,70003300,43,0.0
1525,70003300,44,0.0
1526,70003300,45,0.0
1527,70003300,46,0.0
1528,70003300,47,0.0
1529,70003300,48,0.0
1530,70003300,49,0.0
1531,70003300,50,0.0
1532,70003300,51,0.0
1533,70003300,52,0.0
1534,70003300,53,0.0
1535,70003300,54,0.0
1536,70003300,55,0.0
1537,70002909,3,0.0
1538,70002909,4,0.0
1539,70002909,5,0.0
1540,70002909,6,0.0
1541,70002909,7,0.0
1542,70002909,8,0.0
1543,70002909,9,0.0
1544,70002909,10,0.0
1545,70002909,11,0.0
1546,70002909,12,0.0
1547,70002909,13,0.0
1548,70002909,14,0.0
1549,70002909,15,0.0
1550,70002909,16,0.0
1551,70002909,17,0.0
1552,70002909,18,0.0
1553,70002909,19,0.0
1554,70002909,20,0.0
1555,70002909,21,0.0
1556,70002909,22,0.0
1557,70002909,23,0.0
1558,70002909,24,0.0
1559,70002909,25,0.0
1560,70002909,26,0.0
1561,70002909,27,0.0
1562,70002909,28,0.0
1563,70002909,29,0.0
1564,70002909,30,0.0
1565,70002909,31,0.0
1566,70002909,32,0.0
1567,70002909,33,0.0
1568,70002909,34,0.0
1569,70002909,35,0.0
1570,70002909,36,0.0
1571,70002909,37,0.0
1572,70002909,38,0.0
1573,70002909,39,0.0
1574,70002909,40,0.0
1575,70002909,41,0.0
1576,70002909,42,0.0
1577,70002909,43,0.0
1578,70002909,44,0.0
1579,70002909,45,0.0
1580,70002909,46,0.0
1581,70002909,47,0.0
1582,70002909,48,0.0
1583,70002909,49,0.0
1584,70002909,50,0.0
1585,70002909,51,0.0
1586,70002909,52,0.0
1587,70002909,53,0.0
1588,70002909,54,0.0
1589,70002909,55,0.0
1590,70003556,3,0.0
1591,70003556,4,0.0
1592,70003556,5,0.0
1593,70003556,6,0.0
1594,70003556,7,0.0
1595,70003556,8,0.0
1596,70003556,9,0.0
1597,70003556,10,0.0
1598,70003556,11,0.0
1599,70003556,12,0.0
1600,70003556,13,0.0
1601,70003556,14,0.0
1602,70003556,15,0.0
1603,70003556,16,0.0
1604,70003556,17,0.0
1605,70003556,18,0.0
1606,70003556,19,0.0
1607,70003556,20,0.0
1608,70003556,21,0.0
1609,70003556,22,0.0
1610,70003556,23,0.0
1611,70003556,24,0.0
1612,70003556,25,0.0
1613,70003556,26,0.0
1614,70003556,27,0.0
1615,70003556,28,0.0
1616,70003556,29,0.0
1617,70003556,30,0.0
1618,70003556,31,0.0
1619,70003556,32,0.0
1620,70003556,33,0.0
1621,70003556,34,0.0
1622,70003556,35,0.0
1623,70003556,36,0.0
1624,70003556,37,0.0
1625,70003556,38,0.0
1626,70003556,39,0.0
1627,70003556,40,0.0
1628,70003556,41,0.0
1629,70003556,42,0.0
1630,70003556,43,0.0
1631,70003556,44,0.0
1632,70003556,45,0.0
1633,70003556,46,0.0
1634,70003556,47,0.0
1635,70003556,48,0.0
1636,70003556,49,0.0
1637,70003556,50,0.0
1638,70003556,51,0.0
1639,70003556,52,0.0
1640,70003556,53,0.0
1641,70003556,54,0.0
1642,70003556,55,0.0
1643,70002844,3,0.0
1644,70002844,4,0.0
1645,70002844,5,0.0
1646,70002844,6,0.0
1647,70002844,7,0.0
1648,70002844,8,0.0
1649,70002844,9,0.0
1650,70002844,10,0.0
1651,70002844,11,0.0
1652,70002844,12,0.0
1653,70002844,13,0.0
1654,70002844,14,0.0
1655,70002844,15,0.0
1656,70002844,16,0.0
1657,70002844,17,0.0
1658,70002844,18,0.0
1659,70002844,19,0.0
1660,70002844,20,0.0
1661,70002844,21,0.0
1662,70002844,22,0.0
1663,70002844,23,0.0
1664,70002844,24,0.0
1665,70002844,25,0.0
1666,70002844,26,0.0
1667,70002844,27,0.0
1668,70002844,28,0.0
1669,70002844,29,0.0
1670,70002844,30,0.0
1671,70002844,31,0.0
1672,70002844,32,0.0
1673,70002844,33,0.0
1674,70002844,34,0.0
1675,70002844,35,0.0
1676,70002844,36,0.0
1677,70002844,37,0.0
1678,70002844,38,0.0
1679,70002844,39,0.0
1680,70002844,40,0.0
1681,70002844,41,0.0
1682,70002844,42,0.0
1683,70002844,43,0.0
1684,70002844,44,0.0
1685,70002844,45,0.0
1686,70002844,46,0.0
1687,70002844,47,0.0
1688,70002844,48,0.0
1689,70002844,49,0.0
1690,70002844,50,0.0
1691,70002844,51,0.0
1692,70002844,52,0.0
1693,70002844,53,0.0
1694,70002844,54,0.0
1695,70002844,55,0.0
1696,70002833,3,0.0
1697,70002833,4,0.0
1698,70002833,5,0.0
1699,70002833,6,0.0
1700,70002833,7,0.0
1701,70002833,8,0.0
1702,70002833,9,0.0
1703,70002833,10,0.0
1704,70002833,11,0.0
1705,70002833,12,0.0
1706,70002833,13,0.0
1707,70002833,14,0.0
1708,70002833,15,0.0
1709,70002833,16,0.0
1710,70002833,17,0.0
1711,70002833,18,0.0
1712,70002833,19,0.0
1713,70002833,20,0.0
1714,70002833,21,0.0
1715,70002833,22,0.0
1716,70002833,23,0.0
1717,70002833,24,0.0
1718,70002833,25,0.0
1719,70002833,26,0.0
1720,70002833,27,0.0
1721,70002833,28,0.0
1722,70002833,29,0.0
1723,70002833,30,0.0
1724,70002833,31,0.0
1725,70002833,32,0.0
1726,70002833,33,0.0
1727,70002833,34,0.0
1728,70002833,35,0.0
1729,70002833,36,0.0
1730,70002833,37,0.0
1731,70002833,38,0.0
1732,70002833,39,0.0
1733,70002833,40,0.0
1734,70002833,41,0.0
1735,70002833,42,0.0
1736,70002833,43,0.0
1737,70002833,44,0.0
1738,70002833,45,0.0
1739,70002833,46,0.0
1740,70002833,47,0.0
1741,70002833,48,0.0
1742,70002833,49,0.0
1743,70002833,50,0.0
1744,70002833,51,0.0
1745,70002833,52,0.0
1746,70002833,53,0.0
1747,70002833,54,0.0
1748,70002833,55,0.0
1749,70003570,3,0.0
1750,70003570,4,0.0
1751,70003570,5,0.0
1752,70003570,6,0.0
1753,70003570,7,0.0
1754,70003570,8,0.0
1755,70003570,9,0.0
1756,70003570,10,0.0
1757,70003570,11,0.0
1758,70003570,12,0.0
1759,70003570,13,0.0
1760,70003570,14,0.0
1761,70003570,15,0.0
1762,70003570,16,0.0
1763,70003570,17,0.0
1764,70003570,18,0.0
1765,70003570,19,0.0
1766,70003570,20,0.0
1767,70003570,21,0.0
1768,70003570,22,0.0
1769,70003570,23,0.0
1770,70003570,24,0.0
1771,70003570,25,0.0
1772,70003570,26,0.0
1773,70003570,27,0.0
1774,70003570,28,0.0
1775,70003570,29,0.0
1776,70003570,30,0.0
1777,70003570,31,0.0
1778,70003570,32,0.0
1779,70003570,33,0.0
1780,70003570,34,0.0
1781,70003570,35,0.0
1782,70003570,36,0.0
1783,70003570,37,0.0
1784,70003570,38,0.0
1785,70003570,39,0.0
1786,70003570,40,0.0
1787,70003570,41,0.0
1788,70003570,42,0.0
1789,70003570,43,0.0
1790,70003570,44,0.0
1791,70003570,45,1.7000000000000002
1792,70003570,46,0.0
1793,70003570,47,0.0
1794,70003570,48,0.0
1795,70003570,49,0.0
1796,70003570,50,0.0
1797,70003570,51,0.0
1798,70003570,52,0.0
1799,70003570,53,0.0
1800,70003570,54,0.0
1801,70003570,55,0.0
1802,70002226,3,0.0
1803,70002226,4,0.0
1804,70002226,5,0.0
1805,70002226,6,0.0
1806,70002226,7,0.0
1807,70002226,8,0.0
1808,70002226,9,0.0
1809,70002226,10,0.0
1810,70002226,11,0.0
1811,70002226,12,0.0
1812,70002226,13,0.0
1813,70002226,14,0.0
1814,70002226,15,0.0
1815,70002226,16,0.0
1816,70002226,17,0.0
1817,70002226,18,0.0
1818,70002226,19,0.0
1819,70002226,20,0.0
1820,70002226,21,0.0
1821,70002226,22,0.0
1822,70002226,23,0.0
1823,70002226,24,0.0
1824,70002226,25,0.0
1825,70002226,26,0.0
1826,70002226,27,0.0
1827,70002226,28,0.0
1828,70002226,29,0.0
1829,70002226,30,0.0
1830,70002226,31,0.0
1831,70002226,32,0.0
1832,70002226,33,0.0
1833,70002226,34,0.0
1834,70002226,35,0.0
1835,70002226,36,0.0
1836,70002226,37,0.0
1837,70002226,38,0.0
1838,70002226,39,0.0
1839,70002226,40,0.0
1840,70002226,41,0.0
1841,70002226,42,0.0
1842,70002226,43,0.0
1843,70002226,44,0.0
1844,70002226,45,0.0
1845,70002226,46,0.0
1846,70002226,47,0.0
1847,70002226,48,0.0
1848,70002226,49,0.0
1849,70002226,50,0.0
1850,70002226,51,0.0
1851,70002226,52,0.0
1852,70002226,53,0.0
1853,70002226,54,0.0
1854,70002226,55,0.0
1855,70000930,3,0.0
1856,70000930,4,0.0
1857,70000930,5,0.0
1858,70000930,6,0.0
1859,70000930,7,0.0
1860,70000930,8,0.0
1861,70000930,9,0.0
1862,70000930,10,0.0
1863,70000930,11,0.0
1864,70000930,12,0.0
1865,70000930,13,0.0
1866,70000930,14,0.0
1867,70000930,15,0.0
1868,70000930,16,0.0
1869,70000930,17,0.0
1870,70000930,18,0.0
1871,70000930,19,0.0
1872,70000930,20,0.0
1873,70000930,21,0.0
1874,70000930,22,0.0
1875,70000930,23,0.0
1876,70000930,24,0.0
1877,70000930,25,0.0
1878,70000930,26,0.0
1879,70000930,27,0.0
1880,70000930,28,0.0
1881,70000930,29,0.0
1882,70000930,30,0.0
1883,70000930,31,0.0
1884,70000930,32,0.0
1885,70000930,33,0.0
1886,70000930,34,0.0
1887,70000930,35,0.0
1888,70000930,36,0.0
1889,70000930,37,0.0
1890,70000930,38,0.0
1891,70000930,39,0.0
1892,70000930,40,0.0
1893,70000930,41,0.0
1894,70000930,42,0.0
1895,70000930,43,0.0
1896,70000930,44,0.0
1897,70000930,45,0.0
1898,70000930,46,0.0
1899,70000930,47,0.0
1900,70000930,48,0.0
1901,70000930,49,0.0
1902,70000930,50,0.0
1903,70000930,51,0.0
1904,70000930,52,0.0
1905,70000930,53,0.0
1906,70000930,54,0.0
1907,70000930,55,0.0
1908,70003649,3,0.0
1909,70003649,4,0.0
1910,70003649,5,0.0
1911,70003649,6,0.0
1912,70003649,7,0.0
1913,70003649,8,0.0
1914,70003649,9,0.0
1915,70003649,10,0.0
1916,70003649,11,0.0
1917,70003649,12,0.0
1918,70003649,13,0.0
1919,70003649,14,0.0
1920,70003649,15,0.0
1921,70003649,16,0.0
1922,70003649,17,0.0
1923,70003649,18,0.0
1924,70003649,19,0.0
1925,70003649,20,0.0
1926,70003649,21,0.0
1927,70003649,22,0.0
1928,70003649,23,0.0
1929,70003649,24,0.0
1930,70003649,25,0.0
1931,70003649,26,0.0
1932,70003649,27,0.0
1933,70003649,28,0.0
1934,70003649,29,0.0
1935,70003649,30,0.0
1936,70003649,31,0.0
1937,70003649,32,0.0
1938,70003649,33,0.0
1939,70003649,34,0.0
1940,70003649,35,0.0
1941,70003649,36,0.0
1942,70003649,37,0.0
1943,70003649,38,0.0
1944,70003649,39,0.0
1945,70003649,40,0.0
1946,70003649,41,0.0
1947,70003649,42,0.0
1948,70003649,43,0.0
1949,70003649,44,0.0
1950,70003649,45,0.0
1951,70003649,46,0.0
1952,70003649,47,0.0
1953,70003649,48,0.0
1954,70003649,49,0.0
1955,70003649,50,0.0
1956,70003649,51,0.0
1957,70003649,52,0.0
1958,70003649,53,0.0
1959,70003649,54,0.0
1960,70003649,55,0.0
1961,70000942,3,0.0
1962,70000942,4,0.0
1963,70000942,5,0.0
1964,70000942,6,0.0
1965,70000942,7,0.0
1966,70000942,8,0.0
1967,70000942,9,0.0
1968,70000942,10,0.0
1969,70000942,11,0.0
1970,70000942,12,0.0
1971,70000942,13,0.0
1972,70000942,14,0.0
1973,70000942,15,0.0
1974,70000942,16,0.0
1975,70000942,17,0.0
1976,70000942,18,0.0
1977,70000942,19,0.0
1978,70000942,20,0.0
1979,70000942,21,0.0
1980,70000942,22,0.0
1981,70000942,23,0.0
1982,70000942,24,0.0
1983,70000942,25,0.0
1984,70000942,26,0.0
1985,70000942,27,0.0
1986,70000942,28,0.0
1987,70000942,29,0.0
1988,70000942,30,0.0
1989,70000942,31,0.0
1990,70000942,32,0.0
1991,70000942,33,0.0
1992,70000942,34,0.0
1993,70000942,35,0.0
1994,70000942,36,0.0
1995,70000942,37,0.0
1996,70000942,38,0.0
1997,70000942,39,0.0
1998,70000942,40,0.0
1999,70000942,41,0.0
2000,70000942,42,0.0
2001,70000942,43,0.0
2002,70000942,44,0.0
2003,70000942,45,0.0
2004,70000942,46,0.0
2005,70000942,47,0.0
2006,70000942,48,0.0
2007,70000942,49,0.0
2008,70000942,50,0.0
2009,70000942,51,0.0
2010,70000942,52,0.0
2011,70000942,53,0.0
2012,70000942,54,0.0
2013,70000942,55,0.0
2014,70000932,3,0.0
2015,70000932,4,0.0
2016,70000932,5,0.0
2017,70000932,6,0.0
2018,70000932,7,0.0
2019,70000932,8,0.0
2020,70000932,9,0.0
2021,70000932,10,0.0
2022,70000932,11,0.0
2023,70000932,12,0.0
2024,70000932,13,0.0
2025,70000932,14,0.0
2026,70000932,15,0.0
2027,70000932,16,0.0
2028,70000932,17,0.0
2029,70000932,18,0.0
2030,70000932,19,0.0
2031,70000932,20,0.0
2032,70000932,21,0.0
2033,70000932,22,0.0
2034,70000932,23,0.0
2035,70000932,24,0.0
2036,70000932,25,0.0
2037,70000932,26,0.0
2038,70000932,27,0.0
2039,70000932,28,0.0
2040,70000932,29,0.0
2041,70000932,30,0.0
2042,70000932,31,0.0
2043,70000932,32,0.0
2044,70000932,33,0.0
2045,70000932,34,0.0
2046,70000932,35,0.0
2047,70000932,36,0.0
2048,70000932,37,0.0
2049,70000932,38,0.0
2050,70000932,39,0.0
2051,70000932,40,0.0
2052,70000932,41,0.0
2053,70000932,42,0.0
2054,70000932,43,0.0
2055,70000932,44,0.0
2056,70000932,45,0.0
2057,70000932,46,0.0
2058,70000932,47,0.0
2059,70000932,48,0.0
2060,70000932,49,0.0
2061,70000932,50,0.0
2062,70000932,51,0.0
2063,70000932,52,0.0
2064,70000932,53,0.0
2065,70000932,54,0.0
2066,70000932,55,0.0
2067,70001976,3,0.0
2068,70001976,4,0.0
2069,70001976,5,0.0
2070,70001976,6,0.0
2071,70001976,7,0.0
2072,70001976,8,0.0
2073,70001976,9,0.0
2074,70001976,10,0.0
2075,70001976,11,0.0
2076,70001976,12,0.0
2077,70001976,13,0.0
2078,70001976,14,0.0
2079,70001976,15,0.0
2080,70001976,16,0.0
2081,70001976,17,0.0
2082,70001976,18,0.0
2083,70001976,19,0.0
2084,70001976,20,0.0
2085,70001976,21,0.0
2086,70001976,22,0.0
2087,70001976,23,0.0
2088,70001976,24,0.0
2089,70001976,25,0.0
2090,70001976,26,0.0
2091,70001976,27,0.0
2092,70001976,28,0.0
2093,70001976,29,0.0
2094,70001976,30,0.0
2095,70001976,31,0.0
2096,70001976,32,0.0
2097,70001976,33,0.0
2098,70001976,34,0.0
2099,70001976,35,0.0
2100,70001976,36,0.0
2101,70001976,37,0.0
2102,70001976,38,0.0
2103,70001976,39,0.0
2104,70001976,40,0.0
2105,70001976,41,0.0
2106,70001976,42,0.0
2107,70001976,43,0.0
2108,70001976,44,0.0
2109,70001976,45,0.0
2110,70001976,46,0.0
2111,70001976,47,0.0
2112,70001976,48,0.0
2113,70001976,49,0.0
2114,70001976,50,0.0
2115,70001976,51,0.0
2116,70001976,52,0.0
2117,70001976,53,0.0
2118,70001976,54,0.0
2119,70001976,55,0.0
