,ov,semana_algoritmo,semana_plan_real
0,3820015107.0,51,-1
1,3820015098.0,51,-1
2,3820015072.0,48,-1
3,3820014995.0,48,-1
4,3820015105.0,41,-1
5,3820015033.0,41,-1
6,3820015099.0,49,-1
7,3820015030.0,48,-1
8,3820015067.0,48,-1
9,3820015066.0,48,-1
10,3820015063.0,48,-1
11,3820015037.0,44,-1
12,3823000812.0,41,-1
13,3820015040.0,41,-1
14,3823000819.0,42,-1
15,3820015080.0,48,-1
16,3820015078.0,53,-1
17,3823000813.0,49,-1
18,3820015075.0,41,-1
19,3823000818.0,48,-1
20,3823000817.0,48,-1
21,3820015102.0,51,-1
22,3820015074.0,46,-1
23,3820015070.0,51,-1
24,3820015068.0,41,-1
25,3820015041.0,41,-1
26,3820015032.0,48,-1
27,3826000006.0,-1,40
28,3823000816.0,-1,41
29,3823000815.0,-1,43
30,3823000814.0,-1,50
31,3823000809.0,-1,46
32,3823000808.0,-1,45
33,3823000805.0,-1,46
34,3823000804.0,-1,44
35,3823000803.0,-1,49
36,3823000802.0,-1,47
37,3823000800.0,-1,44
38,3823000799.0,-1,51
39,3823000798.0,-1,51
40,3823000797.0,-1,43
41,3823000796.0,-1,43
42,3823000795.0,-1,39
43,3823000794.0,-1,47
44,3823000793.0,-1,46
45,3823000792.0,-1,45
46,3823000791.0,-1,46
47,3823000790.0,-1,45
48,3823000789.0,-1,39
49,3823000787.0,-1,45
50,3823000785.0,-1,47
51,3823000784.0,-1,44
52,3823000783.0,-1,43
53,3823000782.0,-1,43
54,3823000780.0,-1,49
55,3823000779.0,-1,39
56,3823000777.0,-1,46
57,3823000776.0,-1,43
58,3823000775.0,-1,43
59,3823000774.0,-1,48
60,3823000771.0,-1,49
61,3823000770.0,-1,45
62,3823000769.0,-1,44
63,3823000768.0,-1,46
64,3823000767.0,-1,47
65,3823000764.0,-1,45
66,3823000763.0,-1,49
67,3823000761.0,-1,45
68,3823000760.0,-1,46
69,3823000759.0,-1,44
70,3823000758.0,-1,40
71,3823000757.0,-1,46
72,3823000756.0,-1,40
73,3823000755.0,-1,43
74,3823000754.0,-1,43
75,3823000752.0,-1,38
76,3823000751.0,-1,41
77,3823000750.0,-1,45
78,3823000749.0,-1,47
79,3823000747.0,-1,44
80,3823000746.0,-1,39
81,3823000745.0,-1,39
82,3823000744.0,-1,42
83,3823000743.0,-1,43
84,3823000742.0,-1,43
85,3823000740.0,-1,50
86,3823000739.0,-1,44
87,3823000738.0,-1,46
88,3823000736.0,-1,40
89,3823000735.0,-1,44
90,3823000734.0,-1,39
91,3823000732.0,-1,39
92,3823000728.0,-1,45
93,3823000727.0,-1,44
94,3823000726.0,-1,40
95,3823000724.0,-1,43
96,3823000723.0,-1,43
97,3823000722.0,-1,43
98,3823000721.0,-1,43
99,3823000720.0,-1,42
100,3823000719.0,-1,44
101,3823000718.0,-1,43
102,3823000717.0,-1,39
103,3823000716.0,-1,39
104,3823000714.0,-1,37
105,3823000713.0,-1,37
106,3823000712.0,-1,43
107,3823000710.0,-1,42
108,3823000709.0,-1,42
109,3823000708.0,-1,42
110,3823000707.0,-1,43
111,3823000704.0,-1,40
112,3823000701.0,-1,42
113,3823000700.0,-1,40
114,3823000699.0,-1,42
115,3823000698.0,-1,42
116,3823000697.0,-1,40
117,3823000696.0,-1,35
118,3823000694.0,-1,31
119,3823000693.0,-1,40
120,3823000692.0,-1,40
121,3823000690.0,-1,40
122,3823000689.0,-1,44
123,3823000688.0,-1,40
124,3823000687.0,-1,39
125,3823000686.0,-1,41
126,3823000685.0,-1,41
127,3823000682.0,-1,41
128,3823000679.0,-1,41
129,3823000676.0,-1,41
130,3823000675.0,-1,44
131,3823000672.0,-1,39
132,3823000670.0,-1,41
133,3823000666.0,-1,40
134,3823000664.0,-1,36
135,3823000660.0,-1,41
136,3823000659.0,-1,41
137,3823000657.0,-1,39
138,3823000651.0,-1,41
139,3823000650.0,-1,39
140,3823000649.0,-1,39
141,3823000647.0,-1,41
142,3823000646.0,-1,40
143,3823000645.0,-1,39
144,3823000644.0,-1,42
145,3823000641.0,-1,30
146,3823000637.0,-1,51
147,3823000634.0,-1,39
148,3823000632.0,-1,29
149,3823000631.0,-1,41
150,3823000626.0,-1,36
151,3823000625.0,-1,38
152,3823000623.0,-1,28
153,3823000622.0,-1,38
154,3823000620.0,-1,40
155,3823000617.0,-1,40
156,3823000610.0,-1,42
157,3823000609.0,-1,40
158,3823000605.0,-1,42
159,3823000604.0,-1,40
160,3823000589.0,-1,38
161,3823000587.0,-1,52
162,3823000586.0,-1,38
163,3823000583.0,-1,40
164,3823000582.0,-1,40
165,3823000574.0,-1,51
166,3823000572.0,-1,38
167,3823000571.0,-1,40
168,3823000567.0,-1,38
169,3823000565.0,-1,28
170,3823000559.0,-1,40
171,3823000546.0,-1,37
172,3823000544.0,-1,39
173,3823000543.0,-1,36
174,3823000537.0,-1,41
175,3823000534.0,-1,41
176,3823000531.0,-1,29
177,3823000527.0,-1,40
178,3823000525.0,-1,29
179,3823000524.0,-1,32
180,3823000500.0,-1,30
181,3823000489.0,-1,38
182,3823000442.0,-1,40
183,3823000440.0,-1,39
184,3823000411.0,-1,30
185,3823000395.0,-1,39
186,3823000348.0,-1,45
187,3823000341.0,-1,41
188,3823000162.0,-1,43
189,3820015085.0,-1,41
190,3820015084.0,-1,41
191,3820015081.0,-1,41
192,3820015077.0,-1,45
193,3820015076.0,-1,41
194,3820015065.0,-1,41
195,3820015061.0,-1,41
196,3820015039.0,-1,40
197,3820015036.0,-1,47
198,3820015031.0,-1,40
199,3820015029.0,-1,47
200,3820015028.0,-1,41
201,3820015024.0,-1,50
202,3820015023.0,-1,50
203,3820015021.0,-1,43
204,3820015020.0,-1,49
205,3820015019.0,-1,41
206,3820015018.0,-1,41
207,3820015017.0,-1,41
208,3820015016.0,-1,45
209,3820015015.0,-1,51
210,3820015012.0,-1,44
211,3820015011.0,-1,49
212,3820015009.0,-1,43
213,3820015008.0,-1,41
214,3820015007.0,-1,48
215,3820014996.0,-1,47
216,3820014994.0,-1,41
217,3820014993.0,-1,45
218,3820014992.0,-1,43
219,3820014991.0,-1,42
220,3820014990.0,-1,40
221,3820014989.0,-1,43
222,3820014988.0,-1,49
223,3820014987.0,-1,39
224,3820014986.0,-1,45
225,3820014985.0,-1,45
226,3820014984.0,-1,45
227,3820014982.0,-1,40
228,3820014981.0,-1,50
229,3820014980.0,-1,45
230,3820014979.0,-1,43
231,3820014954.0,-1,41
232,3820014949.0,-1,43
233,3820014948.0,-1,43
234,3820014947.0,-1,46
235,3820014946.0,-1,47
236,3820014944.0,-1,39
237,3820014942.0,-1,45
238,3820014940.0,-1,46
239,3820014936.0,50,43
240,3820014935.0,-1,43
241,3820014934.0,-1,50
242,3820014933.0,-1,44
243,3820014932.0,-1,42
244,3820014931.0,-1,44
245,3820014930.0,-1,41
246,3820014910.0,-1,46
247,3820014909.0,-1,42
248,3820014908.0,-1,49
249,3820014907.0,-1,49
250,3820014904.0,-1,50
251,3820014903.0,-1,44
252,3820014902.0,-1,43
253,3820014901.0,-1,41
254,3820014900.0,-1,45
255,3820014899.0,-1,45
256,3820014883.0,-1,43
257,3820014882.0,-1,41
258,3820014878.0,-1,41
259,3820014877.0,-1,44
260,3820014876.0,-1,45
261,3820014873.0,-1,46
262,3820014872.0,-1,42
263,3820014871.0,-1,42
264,3820014870.0,-1,41
265,3820014869.0,-1,45
266,3820014868.0,-1,39
267,3820014867.0,-1,46
268,3820014866.0,-1,44
269,3820014865.0,-1,40
270,3820014864.0,-1,39
271,3820014863.0,-1,46
272,3820014861.0,-1,50
273,3820014860.0,-1,42
274,3820014852.0,-1,39
275,3820014851.0,-1,42
276,3820014850.0,-1,46
277,3820014849.0,-1,46
278,3820014847.0,-1,46
279,3820014846.0,-1,47
280,3820014845.0,-1,43
281,3820014843.0,-1,45
282,3820014834.0,-1,43
283,3820014824.0,-1,40
284,3820014823.0,-1,46
285,3820014822.0,-1,43
286,3820014821.0,-1,51
287,3820014820.0,-1,39
288,3820014819.0,-1,42
289,3820014817.0,-1,46
290,3820014815.0,-1,41
291,3820014814.0,-1,42
292,3820014811.0,-1,46
293,3820014810.0,-1,41
294,3820014807.0,-1,50
295,3820014794.0,-1,38
296,3820014793.0,-1,45
297,3820014792.0,-1,44
298,3820014791.0,-1,45
299,3820014785.0,-1,41
300,3820014784.0,-1,39
301,3820014783.0,-1,38
302,3820014782.0,-1,41
303,3820014781.0,-1,45
304,3820014771.0,-1,43
305,3820014766.0,-1,51
306,3820014765.0,-1,50
307,3820014764.0,-1,49
308,3820014763.0,-1,48
309,3820014762.0,-1,47
310,3820014761.0,-1,46
311,3820014760.0,-1,45
312,3820014759.0,-1,46
313,3820014744.0,-1,49
314,3820014743.0,-1,43
315,3820014742.0,-1,43
316,3820014740.0,-1,49
317,3820014739.0,-1,45
318,3820014738.0,-1,45
319,3820014737.0,-1,46
320,3820014736.0,-1,45
321,3820014735.0,-1,38
322,3820014734.0,-1,43
323,3820014733.0,-1,39
324,3820014732.0,-1,43
325,3820014725.0,-1,45
326,3820014713.0,-1,45
327,3820014712.0,-1,48
328,3820014705.0,-1,42
329,3820014704.0,-1,45
330,3820014702.0,-1,39
331,3820014701.0,-1,49
332,3820014700.0,-1,44
333,3820014699.0,-1,41
334,3820014698.0,-1,41
335,3820014697.0,-1,41
336,3820014696.0,-1,45
337,3820014695.0,-1,46
338,3820014694.0,-1,47
339,3820014693.0,-1,46
340,3820014692.0,-1,41
341,3820014690.0,-1,42
342,3820014688.0,-1,45
343,3820014686.0,-1,43
344,3820014685.0,-1,45
345,3820014684.0,-1,45
346,3820014672.0,-1,42
347,3820014671.0,-1,44
348,3820014670.0,-1,44
349,3820014669.0,-1,43
350,3820014667.0,-1,45
351,3820014664.0,-1,43
352,3820014663.0,-1,39
353,3820014660.0,-1,47
354,3820014659.0,-1,41
355,3820014658.0,-1,42
356,3820014657.0,-1,42
357,3820014656.0,-1,43
358,3820014655.0,-1,45
359,3820014654.0,-1,45
360,3820014653.0,-1,43
361,3820014652.0,-1,42
362,3820014651.0,-1,42
363,3820014650.0,-1,41
364,3820014649.0,-1,48
365,3820014648.0,-1,42
366,3820014645.0,-1,42
367,3820014644.0,-1,42
368,3820014643.0,-1,42
369,3820014641.0,-1,41
370,3820014639.0,-1,43
371,3820014638.0,-1,45
372,3820014637.0,-1,48
373,3820014624.0,-1,49
374,3820014623.0,-1,48
375,3820014622.0,-1,39
376,3820014621.0,-1,41
377,3820014620.0,-1,48
378,3820014619.0,-1,44
379,3820014617.0,-1,46
380,3820014616.0,-1,45
381,3820014615.0,-1,42
382,3820014614.0,-1,43
383,3820014613.0,-1,48
384,3820014611.0,-1,42
385,3820014609.0,-1,40
386,3820014608.0,-1,48
387,3820014607.0,-1,39
388,3820014605.0,-1,46
389,3820014603.0,-1,46
390,3820014602.0,-1,42
391,3820014601.0,-1,43
392,3820014599.0,-1,50
393,3820014598.0,-1,39
394,3820014597.0,-1,43
395,3820014595.0,-1,48
396,3820014592.0,-1,39
397,3820014591.0,-1,47
398,3820014589.0,-1,41
399,3820014578.0,-1,40
400,3820014577.0,-1,41
401,3820014575.0,-1,46
402,3820014571.0,-1,48
403,3820014570.0,-1,39
404,3820014569.0,-1,39
405,3820014568.0,-1,41
406,3820014567.0,-1,40
407,3820014566.0,-1,44
408,3820014565.0,-1,42
409,3820014564.0,-1,43
410,3820014563.0,-1,42
411,3820014562.0,-1,42
412,3820014561.0,-1,45
413,3820014559.0,-1,43
414,3820014558.0,-1,38
415,3820014554.0,-1,47
416,3820014553.0,-1,43
417,3820014550.0,-1,39
418,3820014548.0,-1,43
419,3820014547.0,-1,43
420,3820014546.0,-1,41
421,3820014527.0,-1,50
422,3820014526.0,-1,46
423,3820014525.0,-1,46
424,3820014524.0,-1,39
425,3820014523.0,-1,37
426,3820014522.0,-1,40
427,3820014521.0,-1,39
428,3820014520.0,-1,42
429,3820014518.0,-1,43
430,3820014517.0,-1,42
431,3820014510.0,-1,44
432,3820014485.0,-1,41
433,3820014481.0,-1,41
434,3820014480.0,-1,42
435,3820014479.0,-1,38
436,3820014477.0,-1,45
437,3820014476.0,-1,41
438,3820014475.0,-1,41
439,3820014473.0,-1,50
440,3820014472.0,-1,40
441,3820014471.0,-1,43
442,3820014470.0,-1,38
443,3820014469.0,-1,42
444,3820014468.0,-1,39
445,3820014448.0,-1,44
446,3820014447.0,-1,41
447,3820014446.0,-1,41
448,3820014445.0,-1,38
449,3820014433.0,-1,45
450,3820014432.0,-1,41
451,3820014430.0,-1,44
452,3820014429.0,-1,43
453,3820014428.0,-1,39
454,3820014426.0,-1,49
455,3820014425.0,-1,40
456,3820014424.0,-1,49
457,3820014423.0,-1,39
458,3820014422.0,-1,39
459,3820014413.0,-1,45
460,3820014412.0,-1,42
461,3820014411.0,-1,41
462,3820014409.0,-1,40
463,3820014408.0,-1,48
464,3820014407.0,-1,39
465,3820014406.0,-1,46
466,3820014405.0,-1,44
467,3820014387.0,-1,38
468,3820014386.0,-1,48
469,3820014385.0,-1,48
470,3820014384.0,-1,39
471,3820014383.0,-1,47
472,3820014381.0,-1,44
473,3820014380.0,-1,50
474,3820014379.0,-1,50
475,3820014378.0,-1,49
476,3820014377.0,-1,36
477,3820014376.0,-1,49
478,3820014375.0,-1,48
479,3820014374.0,-1,47
480,3820014373.0,-1,46
481,3820014372.0,-1,42
482,3820014371.0,-1,43
483,3820014370.0,-1,38
484,3820014367.0,-1,44
485,3820014366.0,-1,44
486,3820014365.0,-1,44
487,3820014361.0,-1,41
488,3820014357.0,-1,41
489,3820014356.0,-1,39
490,3820014355.0,-1,42
491,3820014353.0,-1,44
492,3820014338.0,-1,38
493,3820014336.0,-1,49
494,3820014335.0,-1,45
495,3820014333.0,-1,42
496,3820014330.0,-1,37
497,3820014324.0,-1,41
498,3820014322.0,-1,45
499,3820014320.0,-1,48
500,3820014303.0,-1,47
501,3820014301.0,-1,44
502,3820014298.0,-1,47
503,3820014297.0,-1,43
504,3820014296.0,-1,38
505,3820014295.0,-1,43
506,3820014294.0,-1,42
507,3820014293.0,-1,38
508,3820014292.0,-1,41
509,3820014291.0,-1,38
510,3820014288.0,-1,39
511,3820014286.0,-1,43
512,3820014285.0,-1,42
513,3820014284.0,-1,42
514,3820014283.0,-1,43
515,3820014282.0,-1,42
516,3820014281.0,-1,42
517,3820014280.0,-1,39
518,3820014278.0,-1,39
519,3820014268.0,-1,41
520,3820014265.0,-1,44
521,3820014264.0,-1,39
522,3820014263.0,-1,40
523,3820014261.0,-1,39
524,3820014260.0,-1,41
525,3820014259.0,-1,41
526,3820014258.0,-1,39
527,3820014257.0,-1,40
528,3820014255.0,-1,41
529,3820014253.0,-1,45
530,3820014252.0,-1,41
531,3820014251.0,-1,43
532,3820014249.0,-1,44
533,3820014237.0,-1,39
534,3820014236.0,-1,42
535,3820014235.0,-1,44
536,3820014233.0,-1,45
537,3820014226.0,-1,41
538,3820014225.0,-1,44
539,3820014216.0,-1,43
540,3820014208.0,-1,47
541,3820014207.0,-1,45
542,3820014206.0,-1,41
543,3820014203.0,-1,41
544,3820014201.0,-1,41
545,3820014200.0,-1,39
546,3820014199.0,-1,48
547,3820014198.0,-1,45
548,3820014195.0,-1,45
549,3820014189.0,-1,46
550,3820014188.0,-1,41
551,3820014182.0,-1,38
552,3820014176.0,-1,39
553,3820014175.0,-1,43
554,3820014166.0,-1,43
555,3820014165.0,-1,46
556,3820014164.0,-1,46
557,3820014161.0,-1,43
558,3820014160.0,-1,38
559,3820014159.0,-1,46
560,3820014154.0,-1,48
561,3820014153.0,-1,43
562,3820014152.0,-1,42
563,3820014151.0,-1,42
564,3820014150.0,-1,41
565,3820014149.0,-1,46
566,3820014148.0,-1,46
567,3820014147.0,-1,40
568,3820014145.0,-1,46
569,3820014144.0,-1,46
570,3820014142.0,-1,44
571,3820014141.0,-1,41
572,3820014133.0,-1,46
573,3820014132.0,-1,43
574,3820014131.0,-1,45
575,3820014130.0,-1,43
576,3820014129.0,-1,44
577,3820014128.0,-1,43
578,3820014126.0,-1,45
579,3820014122.0,-1,43
580,3820014121.0,-1,37
581,3820014120.0,-1,40
582,3820014108.0,-1,41
583,3820014106.0,-1,40
584,3820014103.0,-1,44
585,3820014101.0,-1,35
586,3820014098.0,-1,44
587,3820014097.0,-1,40
588,3820014094.0,-1,44
589,3820014086.0,-1,45
590,3820014085.0,-1,43
591,3820014084.0,-1,42
592,3820014083.0,-1,43
593,3820014079.0,-1,43
594,3820014077.0,-1,39
595,3820014076.0,-1,43
596,3820014073.0,-1,42
597,3820014067.0,-1,44
598,3820014066.0,-1,43
599,3820014061.0,-1,43
600,3820014046.0,-1,38
601,3820014043.0,-1,44
602,3820014042.0,-1,42
603,3820014041.0,-1,43
604,3820014037.0,-1,39
605,3820014035.0,-1,39
606,3820014034.0,-1,40
607,3820014033.0,-1,40
608,3820014032.0,-1,41
609,3820014029.0,-1,46
610,3820014027.0,-1,43
611,3820014026.0,-1,39
612,3820014025.0,-1,42
613,3820014024.0,-1,42
614,3820014023.0,-1,42
615,3820014022.0,-1,41
616,3820014021.0,-1,32
617,3820014020.0,-1,40
618,3820014019.0,-1,41
619,3820014018.0,-1,39
620,3820014017.0,-1,40
621,3820014016.0,-1,43
622,3820014015.0,-1,40
623,3820014014.0,-1,39
624,3820014013.0,-1,46
625,3820014012.0,-1,45
626,3820014005.0,-1,42
627,3820014003.0,-1,40
628,3820013998.0,-1,40
629,3820013989.0,-1,42
630,3820013987.0,-1,44
631,3820013985.0,-1,41
632,3820013982.0,-1,40
633,3820013981.0,-1,40
634,3820013980.0,-1,44
635,3820013978.0,-1,41
636,3820013976.0,-1,41
637,3820013975.0,-1,39
638,3820013971.0,-1,40
639,3820013970.0,-1,40
640,3820013969.0,-1,40
641,3820013968.0,-1,41
642,3820013967.0,-1,40
643,3820013966.0,-1,43
644,3820013965.0,-1,41
645,3820013964.0,-1,50
646,3820013963.0,-1,42
647,3820013955.0,-1,41
648,3820013954.0,-1,43
649,3820013952.0,-1,42
650,3820013948.0,-1,41
651,3820013947.0,-1,38
652,3820013945.0,-1,39
653,3820013944.0,-1,43
654,3820013943.0,-1,39
655,3820013941.0,-1,43
656,3820013934.0,-1,39
657,3820013933.0,-1,42
658,3820013932.0,-1,41
659,3820013931.0,-1,42
660,3820013930.0,-1,41
661,3820013929.0,-1,42
662,3820013928.0,-1,41
663,3820013926.0,-1,42
664,3820013925.0,-1,41
665,3820013924.0,-1,38
666,3820013923.0,-1,41
667,3820013921.0,-1,40
668,3820013920.0,-1,41
669,3820013919.0,-1,41
670,3820013917.0,-1,44
671,3820013908.0,-1,41
672,3820013905.0,-1,43
673,3820013904.0,-1,38
674,3820013899.0,-1,39
675,3820013898.0,-1,43
676,3820013896.0,-1,39
677,3820013895.0,-1,41
678,3820013893.0,-1,40
679,3820013892.0,-1,45
680,3820013891.0,-1,40
681,3820013889.0,-1,41
682,3820013888.0,-1,38
683,3820013884.0,-1,37
684,3820013876.0,-1,37
685,3820013875.0,-1,41
686,3820013871.0,-1,43
687,3820013869.0,-1,37
688,3820013868.0,-1,39
689,3820013867.0,-1,39
690,3820013866.0,-1,48
691,3820013865.0,-1,37
692,3820013864.0,-1,39
693,3820013863.0,-1,37
694,3820013861.0,-1,40
695,3820013841.0,-1,39
696,3820013839.0,-1,41
697,3820013838.0,-1,36
698,3820013836.0,-1,43
699,3820013833.0,-1,40
700,3820013830.0,-1,43
701,3820013829.0,-1,39
702,3820013828.0,-1,44
703,3820013826.0,-1,43
704,3820013825.0,-1,41
705,3820013824.0,-1,39
706,3820013823.0,-1,43
707,3820013821.0,-1,43
708,3820013815.0,-1,46
709,3820013811.0,-1,38
710,3820013810.0,-1,43
711,3820013809.0,-1,43
712,3820013799.0,-1,38
713,3820013796.0,-1,39
714,3820013795.0,-1,40
715,3820013794.0,-1,39
716,3820013793.0,-1,41
717,3820013792.0,-1,41
718,3820013791.0,-1,44
719,3820013790.0,-1,46
720,3820013788.0,-1,49
721,3820013787.0,-1,41
722,3820013786.0,-1,41
723,3820013785.0,-1,50
724,3820013783.0,-1,40
725,3820013782.0,-1,46
726,3820013781.0,-1,43
727,3820013767.0,-1,37
728,3820013764.0,-1,39
729,3820013762.0,-1,38
730,3820013761.0,-1,44
731,3820013760.0,-1,44
732,3820013759.0,-1,43
733,3820013758.0,-1,43
734,3820013756.0,-1,38
735,3820013755.0,-1,40
736,3820013754.0,-1,43
737,3820013753.0,-1,42
738,3820013736.0,-1,43
739,3820013734.0,-1,42
740,3820013733.0,-1,40
741,3820013732.0,-1,38
742,3820013731.0,-1,38
743,3820013729.0,-1,37
744,3820013726.0,-1,39
745,3820013725.0,-1,39
746,3820013722.0,-1,37
747,3820013719.0,-1,42
748,3820013706.0,-1,41
749,3820013705.0,-1,38
750,3820013704.0,-1,45
751,3820013703.0,-1,45
752,3820013702.0,-1,41
753,3820013700.0,-1,39
754,3820013693.0,-1,45
755,3820013692.0,-1,42
756,3820013691.0,-1,42
757,3820013689.0,-1,41
758,3820013688.0,-1,41
759,3820013687.0,-1,39
760,3820013680.0,-1,42
761,3820013678.0,-1,39
762,3820013677.0,-1,39
763,3820013676.0,-1,38
764,3820013668.0,-1,31
765,3820013649.0,-1,42
766,3820013647.0,-1,41
767,3820013646.0,-1,42
768,3820013640.0,-1,39
769,3820013535.0,-1,42
770,3820013533.0,-1,42
771,3820013492.0,-1,40
772,3820013489.0,-1,39
773,3820013484.0,-1,39
774,3820013483.0,-1,39
775,3820013481.0,-1,40
776,3820013480.0,-1,39
777,3820013477.0,-1,41
778,3820013475.0,-1,36
779,3820013474.0,-1,39
780,3820013470.0,-1,40
781,3820013466.0,-1,38
782,3820013465.0,-1,38
783,3820013462.0,-1,38
784,3820013461.0,-1,42
785,3820013460.0,-1,42
786,3820013450.0,-1,51
787,3820013449.0,-1,41
788,3820013448.0,-1,39
789,3820013444.0,-1,39
790,3820013439.0,-1,42
791,3820013438.0,-1,42
792,3820013435.0,-1,42
793,3820013433.0,-1,38
794,3820013419.0,-1,40
795,3820013418.0,-1,39
796,3820013414.0,-1,39
797,3820013411.0,-1,38
798,3820013408.0,-1,41
799,3820013406.0,-1,39
800,3820013403.0,-1,46
801,3820013402.0,-1,42
802,3820013398.0,-1,41
803,3820013394.0,-1,39
804,3820013391.0,-1,37
805,3820013388.0,-1,41
806,3820013387.0,-1,39
807,3820013378.0,-1,39
808,3820013376.0,-1,40
809,3820013371.0,-1,39
810,3820013370.0,-1,39
811,3820013368.0,-1,40
812,3820013365.0,-1,31
813,3820013364.0,-1,35
814,3820013362.0,-1,37
815,3820013359.0,-1,41
816,3820013355.0,-1,41
817,3820013353.0,-1,38
818,3820013342.0,-1,35
819,3820013341.0,-1,39
820,3820013318.0,-1,50
821,3820013317.0,-1,42
822,3820013316.0,-1,41
823,3820013315.0,-1,39
824,3820013313.0,-1,39
825,3820013310.0,-1,40
826,3820013286.0,-1,39
827,3820013285.0,-1,37
828,3820013284.0,-1,41
829,3820013283.0,-1,40
830,3820013279.0,-1,39
831,3820013269.0,-1,39
832,3820013268.0,-1,38
833,3820013265.0,-1,40
834,3820013264.0,-1,42
835,3820013257.0,-1,39
836,3820013236.0,-1,37
837,3820013235.0,-1,36
838,3820013234.0,-1,46
839,3820013233.0,-1,44
840,3820013228.0,-1,50
841,3820013227.0,-1,39
842,3820013226.0,-1,39
843,3820013225.0,-1,39
844,3820013221.0,-1,41
845,3820013202.0,-1,38
846,3820013197.0,-1,36
847,3820013194.0,-1,44
848,3820013182.0,-1,37
849,3820013180.0,-1,42
850,3820013178.0,-1,38
851,3820013176.0,-1,40
852,3820013167.0,-1,38
853,3820013166.0,-1,36
854,3820013165.0,-1,47
855,3820013164.0,-1,38
856,3820013163.0,-1,38
857,3820013162.0,-1,40
858,3820013160.0,-1,38
859,3820013157.0,-1,46
860,3820013156.0,-1,42
861,3820013149.0,-1,36
862,3820013148.0,-1,38
863,3820013147.0,-1,38
864,3820013126.0,-1,41
865,3820013122.0,-1,40
866,3820013119.0,-1,39
867,3820013116.0,-1,39
868,3820013114.0,-1,39
869,3820013111.0,-1,40
870,3820013110.0,-1,39
871,3820013109.0,-1,39
872,3820013104.0,-1,38
873,3820013102.0,-1,38
874,3820013101.0,-1,40
875,3820013100.0,-1,39
876,3820013098.0,-1,40
877,3820013092.0,-1,37
878,3820013090.0,-1,38
879,3820013076.0,-1,37
880,3820013075.0,-1,35
881,3820013074.0,-1,41
882,3820013073.0,-1,38
883,3820013072.0,-1,47
884,3820013056.0,-1,36
885,3820013051.0,-1,37
886,3820013048.0,-1,36
887,3820013047.0,-1,36
888,3820013045.0,-1,36
889,3820013042.0,-1,37
890,3820013040.0,-1,37
891,3820013039.0,-1,36
892,3820013037.0,-1,38
893,3820013036.0,-1,40
894,3820013035.0,-1,41
895,3820013032.0,-1,38
896,3820013031.0,-1,49
897,3820013030.0,-1,49
898,3820013029.0,-1,48
899,3820013028.0,-1,47
900,3820013027.0,-1,48
901,3820013026.0,-1,46
902,3820013025.0,-1,46
903,3820013024.0,-1,48
904,3820013023.0,-1,41
905,3820013022.0,-1,47
906,3820013021.0,-1,45
907,3820013020.0,-1,45
908,3820013019.0,-1,45
909,3820013018.0,-1,44
910,3820013017.0,-1,44
911,3820013011.0,-1,29
912,3820013010.0,-1,39
913,3820013009.0,-1,44
914,3820013008.0,-1,43
915,3820013007.0,-1,43
916,3820012975.0,-1,50
917,3820012974.0,-1,41
918,3820012965.0,-1,40
919,3820012963.0,-1,40
920,3820012961.0,-1,39
921,3820012959.0,-1,38
922,3820012958.0,-1,39
923,3820012944.0,-1,38
924,3820012940.0,-1,40
925,3820012937.0,-1,49
926,3820012936.0,-1,44
927,3820012935.0,-1,39
928,3820012925.0,-1,41
929,3820012923.0,-1,51
930,3820012922.0,-1,50
931,3820012921.0,-1,48
932,3820012920.0,-1,52
933,3820012892.0,-1,41
934,3820012887.0,-1,40
935,3820012883.0,-1,39
936,3820012879.0,-1,36
937,3820012867.0,-1,41
938,3820012865.0,-1,39
939,3820012864.0,-1,30
940,3820012856.0,-1,39
941,3820012855.0,-1,39
942,3820012849.0,-1,39
943,3820012836.0,-1,37
944,3820012803.0,-1,29
945,3820012793.0,-1,40
946,3820012779.0,-1,38
947,3820012778.0,-1,35
948,3820012775.0,-1,38
949,3820012755.0,-1,43
950,3820012750.0,-1,29
951,3820012744.0,-1,39
952,3820012742.0,-1,39
953,3820012716.0,-1,40
954,3820012713.0,-1,37
955,3820012710.0,-1,47
956,3820012699.0,-1,46
957,3820012698.0,-1,42
958,3820012697.0,-1,38
959,3820012686.0,-1,31
960,3820012685.0,-1,46
961,3820012684.0,-1,39
962,3820012676.0,-1,35
963,3820012646.0,-1,48
964,3820012634.0,-1,49
965,3820012633.0,-1,46
966,3820012632.0,-1,42
967,3820012630.0,-1,38
968,3820012599.0,-1,39
969,3820012598.0,-1,36
970,3820012583.0,-1,37
971,3820012566.0,-1,44
972,3820012564.0,-1,37
973,3820012563.0,-1,42
974,3820012561.0,-1,40
975,3820012555.0,-1,40
976,3820012549.0,-1,38
977,3820012545.0,-1,41
978,3820012544.0,-1,39
979,3820012512.0,-1,38
980,3820012506.0,-1,39
981,3820012500.0,-1,39
982,3820012496.0,-1,40
983,3820012494.0,-1,37
984,3820012492.0,-1,41
985,3820012490.0,-1,42
986,3820012479.0,-1,35
987,3820012471.0,-1,47
988,3820012470.0,-1,46
989,3820012469.0,-1,45
990,3820012468.0,-1,44
991,3820012467.0,-1,43
992,3820012466.0,-1,42
993,3820012465.0,-1,39
994,3820012462.0,-1,39
995,3820012456.0,-1,50
996,3820012455.0,-1,46
997,3820012454.0,-1,42
998,3820012453.0,-1,39
999,3820012439.0,-1,31
1000,3820012432.0,-1,38
1001,3820012424.0,-1,35
1002,3820012390.0,-1,39
1003,3820012386.0,-1,39
1004,3820012382.0,-1,39
1005,3820012351.0,-1,39
1006,3820012349.0,-1,50
1007,3820012347.0,-1,40
1008,3820012325.0,-1,37
1009,3820012281.0,-1,46
1010,3820012273.0,-1,39
1011,3820012183.0,-1,39
1012,3820012172.0,-1,38
1013,3820012163.0,-1,40
1014,3820012155.0,-1,40
1015,3820012146.0,-1,40
1016,3820012141.0,-1,40
1017,3820012139.0,-1,39
1018,3820012131.0,-1,46
1019,3820012128.0,-1,39
1020,3820012124.0,-1,36
1021,3820012118.0,-1,39
1022,3820012114.0,-1,39
1023,3820012061.0,-1,36
1024,3820012054.0,-1,38
1025,3820012046.0,-1,49
1026,3820012044.0,-1,48
1027,3820012043.0,-1,39
1028,3820012006.0,-1,40
1029,3820012005.0,-1,35
1030,3820011976.0,-1,40
1031,3820011970.0,-1,38
1032,3820011963.0,-1,40
1033,3820011932.0,-1,39
1034,3820011928.0,-1,52
1035,3820011927.0,-1,52
1036,3820011926.0,-1,35
1037,3820011922.0,-1,39
1038,3820011915.0,-1,39
1039,3820011884.0,-1,39
1040,3820011859.0,-1,39
1041,3820011856.0,-1,38
1042,3820011848.0,-1,40
1043,3820011847.0,-1,38
1044,3820011821.0,-1,30
1045,3820011815.0,-1,43
1046,3820011790.0,-1,22
1047,3820011770.0,-1,38
1048,3820011756.0,-1,38
1049,3820011754.0,-1,31
1050,3820011747.0,-1,36
1051,3820011745.0,-1,48
1052,3820011744.0,-1,47
1053,3820011743.0,-1,45
1054,3820011742.0,-1,44
1055,3820011741.0,-1,42
1056,3820011740.0,-1,39
1057,3820011712.0,-1,44
1058,3820011710.0,-1,44
1059,3820011709.0,-1,33
1060,3820011659.0,-1,38
1061,3820011650.0,-1,38
1062,3820011648.0,-1,37
1063,3820011647.0,-1,40
1064,3820011631.0,-1,38
1065,3820011597.0,-1,38
1066,3820011596.0,-1,39
1067,3820011593.0,-1,40
1068,3820011583.0,-1,42
1069,3820011579.0,-1,42
1070,3820011571.0,-1,48
1071,3820011545.0,-1,43
1072,3820011543.0,-1,37
1073,3820011532.0,-1,31
1074,3820011514.0,-1,40
1075,3820011502.0,-1,50
1076,3820011500.0,-1,50
1077,3820011492.0,-1,39
1078,3820011462.0,-1,39
1079,3820011455.0,-1,38
1080,3820011431.0,-1,28
1081,3820011428.0,-1,39
1082,3820011426.0,-1,48
1083,3820011393.0,-1,50
1084,3820011389.0,-1,44
1085,3820011386.0,-1,40
1086,3820011384.0,-1,45
1087,3820011350.0,-1,43
1088,3820011272.0,-1,48
1089,3820011267.0,-1,36
1090,3820011236.0,-1,40
1091,3820011200.0,-1,26
1092,3820011182.0,-1,27
1093,3820011163.0,-1,39
1094,3820011162.0,-1,38
1095,3820011097.0,-1,40
1096,3820011081.0,-1,39
1097,3820011080.0,-1,36
1098,3820011034.0,-1,43
1099,3820011021.0,-1,42
1100,3820010997.0,-1,50
1101,3820010985.0,-1,47
1102,3820010966.0,-1,39
1103,3820010948.0,-1,36
1104,3820010884.0,-1,41
1105,3820010882.0,-1,43
1106,3820010881.0,-1,42
1107,3820010880.0,-1,42
1108,3820010864.0,-1,42
1109,3820010863.0,-1,41
1110,3820010862.0,-1,41
1111,3820010858.0,-1,40
1112,3820010856.0,-1,39
1113,3820010855.0,-1,39
1114,3820010854.0,-1,39
1115,3820010831.0,-1,43
1116,3820010742.0,-1,38
1117,3820010735.0,-1,37
1118,3820010721.0,-1,52
1119,3820010633.0,-1,45
1120,3820010619.0,-1,39
1121,3820010603.0,-1,22
1122,3820010602.0,-1,41
1123,3820010546.0,-1,39
1124,3820010452.0,-1,41
1125,3820010445.0,-1,37
1126,3820010444.0,-1,36
1127,3820010443.0,-1,35
1128,3820010410.0,-1,46
1129,3820010342.0,-1,16
1130,3820010320.0,-1,38
1131,3820010316.0,-1,22
1132,3820010284.0,-1,26
1133,3820010238.0,-1,35
1134,3820010234.0,-1,41
1135,3820010204.0,-1,39
1136,3820010203.0,-1,42
1137,3820010138.0,-1,41
1138,3820010137.0,-1,40
1139,3820010136.0,-1,39
1140,3820010135.0,-1,41
1141,3820010134.0,-1,40
1142,3820010133.0,-1,39
1143,3820010129.0,-1,42
1144,3820010128.0,-1,43
1145,3820010127.0,-1,44
1146,3820010113.0,-1,30
1147,3820010108.0,-1,40
1148,3820010100.0,-1,28
1149,3820010040.0,-1,37
1150,3820010015.0,-1,50
1151,3820010012.0,-1,43
1152,3820009974.0,-1,40
1153,3820009952.0,-1,38
1154,3820009946.0,-1,38
1155,3820009944.0,-1,31
1156,3820009938.0,-1,39
1157,3820009933.0,-1,42
1158,3820009929.0,-1,35
1159,3820009906.0,-1,18
1160,3820009882.0,-1,35
1161,3820009881.0,-1,50
1162,3820009873.0,-1,43
1163,3820009871.0,-1,43
1164,3820009868.0,-1,31
1165,3820009740.0,-1,39
1166,3820009738.0,-1,37
1167,3820009713.0,-1,46
1168,3820009586.0,-1,39
1169,3820009425.0,-1,38
1170,3820009424.0,-1,42
1171,3820009191.0,-1,39
1172,3820009062.0,-1,49
1173,3820009061.0,-1,49
1174,3820009060.0,-1,49
1175,3820009059.0,-1,40
1176,3820009058.0,-1,40
1177,3820009057.0,-1,40
1178,3820009055.0,-1,40
1179,3820009054.0,-1,39
1180,3820008794.0,-1,39
1181,3820008765.0,-1,35
1182,3820008722.0,-1,39
1183,3820008709.0,-1,44
1184,3820008708.0,-1,42
1185,3820008677.0,-1,39
1186,3820008479.0,-1,40
1187,3820008420.0,-1,40
1188,3820008319.0,-1,30
1189,3820008177.0,-1,47
1190,3820008147.0,-1,43
1191,3820007784.0,-1,51
1192,3820007783.0,-1,48
1193,3820007782.0,-1,46
1194,3820007781.0,-1,43
1195,3820007780.0,-1,39
1196,3820007632.0,-1,44
1197,3820007572.0,-1,46
1198,3820007561.0,-1,44
1199,3820007477.0,-1,40
1200,3820007163.0,-1,44
1201,3820007162.0,-1,28
1202,3820007110.0,-1,50
1203,3820006993.0,-1,39
1204,3820006878.0,-1,48
1205,3820006831.0,-1,49
1206,3820006830.0,-1,48
1207,3820006817.0,-1,52
1208,3820006088.0,-1,52
1209,3820005259.0,-1,45
1210,3820005228.0,-1,38
1211,3820005227.0,-1,50
1212,3820005211.0,-1,37
1213,3820005155.0,-1,46
1214,3820005154.0,-1,40
1215,3820005152.0,-1,35
1216,3820004838.0,-1,38
1217,3820004731.0,-1,43
1218,3820003985.0,-1,43
1219,3820000994.0,-1,39
1220,3820000899.0,-1,50
1221,3820000686.0,-1,40
1222,3820015244.0,41,-1
1223,3820015188.0,50,-1
1224,3820015242.0,53,-1
1225,3820015213.0,43,-1
1226,3820015181.0,49,-1
1227,3820015258.0,46,-1
1228,3820015182.0,48,-1
1229,3820015245.0,44,-1
1230,3820015237.0,47,-1
1231,3823000823.0,49,-1
1232,3820015243.0,44,-1
1233,3820015239.0,50,-1
1234,3820015210.0,46,-1
1235,3820015199.0,42,-1
1236,3820015198.0,42,-1
1237,3820015220.0,43,-1
1238,3820015217.0,42,-1
1239,3820015215.0,50,-1
1240,3820015212.0,50,-1
1241,3820015209.0,43,-1
1242,3820015201.0,41,-1
1243,3820015238.0,45,-1
1244,3823000827.0,49,-1
1245,3820015218.0,47,-1
1246,3820015211.0,41,-1
1247,3820015185.0,49,-1
1248,3820015183.0,49,-1
1249,3820015538.0,48,-1
1250,3820015532.0,50,-1
1251,3820015529.0,48,-1
1252,3820015500.0,48,-1
1253,3823000834.0,47,-1
1254,3820015555.0,48,-1
1255,3820015527.0,51,-1
1256,3820015540.0,51,-1
1257,3820015526.0,68,-1
1258,3820015478.0,48,-1
1259,3820015554.0,44,-1
1260,3820015535.0,52,-1
1261,3820015489.0,52,-1
1262,3820015556.0,46,-1
1263,3820015552.0,44,-1
1264,3820015536.0,52,-1
1265,3820015531.0,47,-1
1266,3820015503.0,44,-1
1267,3820015986.0,53,-1
1268,3820015984.0,50,-1
1269,3820015957.0,59,-1
1270,3820015974.0,61,-1
1271,3820015987.0,49,-1
1272,3823000882.0,68,-1
1273,3820015983.0,60,-1
1274,3820015972.0,51,-1
1275,3820015985.0,46,-1
1276,3820015954.0,53,-1
1277,3823000921.0,50,-1
1278,3823001049.0,49,-1
1279,3823000967.0,49,-1
1280,3823000934.0,49,-1
1281,3823000948.0,49,-1
1282,3823000922.0,48,-1
1283,3820016203.0,68,-1
1284,3823000910.0,46,-1
1285,3823000914.0,46,-1
1286,3823000915.0,49,-1
1287,3823000917.0,49,-1
1288,3823000919.0,49,-1
1289,3823000920.0,48,-1
1290,3823000923.0,49,-1
1291,3823000925.0,49,-1
1292,3823000926.0,47,-1
1293,3823000927.0,49,-1
1294,3823000928.0,49,-1
1295,3823000929.0,49,-1
1296,3823000932.0,49,-1
1297,3823000941.0,47,-1
1298,3823000949.0,48,-1
1299,3823000950.0,47,-1
1300,3823000957.0,49,-1
1301,3823000961.0,48,-1
1302,3823000963.0,48,-1
1303,3823000964.0,49,-1
1304,3823000969.0,50,-1
1305,3823001048.0,46,-1
1306,3820016202.0,68,-1
1307,3820016201.0,68,-1
1308,3820016200.0,68,-1
1309,3820016175.0,60,-1
1310,3820016166.0,46,-1
1311,3820016172.0,64,-1
1312,3820016306.0,61,-1
1313,3820016307.0,61,-1
1314,3823001056.0,51,-1
1315,3823001063.0,51,-1
1316,3823001078.0,51,-1
1317,3820016286.0,50,-1
1318,3820016282.0,49,-1
1319,3820016284.0,48,-1
1320,3820016246.0,49,-1
1321,3820016254.0,49,-1
1322,3820016302.0,68,-1
1323,3820016305.0,47,-1
1324,3823001077.0,51,-1
1325,3820016259.0,49,-1
1326,3820016277.0,47,-1
1327,3820016304.0,59,-1
1328,3820016303.0,47,-1
1329,3820016241.0,48,-1
1330,3820016242.0,53,-1
1331,3820016308.0,50,-1
1332,3820016310.0,59,-1
1333,3823001065.0,50,-1
1334,3820016419.0,51,-1
1335,3820016413.0,49,-1
1336,3820016433.0,49,-1
1337,3820016431.0,52,-1
1338,3820016391.0,49,-1
1339,3820016426.0,54,-1
1340,3820016450.0,47,-1
1341,3820016483.0,68,-1
1342,3820016455.0,58,-1
1343,3820016491.0,53,-1
1344,3823001113.0,48,-1
1345,3823001114.0,59,-1
1346,3820016475.0,47,-1
1347,3820016489.0,49,-1
1348,3820016492.0,49,-1
1349,3820016454.0,48,-1
1350,3820016479.0,49,-1
1351,3820016509.0,59,-1
1352,3823001109.0,47,-1
1353,3823001115.0,50,-1
1354,3820016515.0,67,-1
1355,3820016516.0,53,-1
1356,3823001118.0,50,-1
1357,3823001120.0,50,-1
1358,3823001123.0,67,-1
1359,3823001124.0,49,-1
1360,3820016383.0,58,-1
1361,3820016510.0,49,-1
1362,3820016511.0,58,-1
1363,3825000036.0,49,-1
1364,3820016765.0,49,-1
1365,3820016766.0,49,-1
1366,3820016809.0,49,-1
1367,3820016764.0,53,-1
1368,3820016818.0,58,-1
1369,3820016816.0,49,-1
1370,3820016820.0,49,-1
1371,3820016852.0,49,-1
1372,3820016855.0,49,-1
1373,3820016853.0,58,-1
1374,3820016857.0,58,-1
1375,3820016566.0,58,-1
1376,3820016850.0,58,-1
1377,3820016849.0,58,-1
1378,3820016856.0,54,-1
1379,3823001169.0,59,-1
1380,3820016851.0,53,-1
1381,3820016821.0,49,-1
1382,3820016815.0,67,-1
1383,3820016817.0,49,-1
1384,3820016734.0,67,-1
1385,3820016994.0,51,-1
1386,3820016997.0,51,-1
1387,3820017015.0,51,-1
1388,3820017013.0,50,-1
1389,3820017018.0,50,-1
1390,3820017019.0,52,-1
1391,3820016942.0,50,-1
1392,3820017016.0,53,-1
1393,3820017028.0,53,-1
1394,3820017026.0,65,-1
1395,3823001195.0,52,-1
1396,3820016884.0,58,-1
1397,3823001188.0,67,-1
1398,3820017709.0,22,-1
1399,3820017794.0,19,-1
1400,3820017708.0,18,-1
1401,3823001397.0,15,-1
1402,3823001401.0,11,-1
1403,3823001399.0,7,-1
1404,3820017685.0,7,-1
1405,3820017793.0,6,-1
1406,3820017795.0,6,-1
1407,3820017792.0,4,-1
1408,3820017673.0,4,-1
1409,3820017786.0,3,-1
1410,3820017789.0,3,-1
1411,3820017790.0,3,-1
1412,3820017810.0,3,-1
1413,3820017819.0,3,-1
1414,3820017687.0,6,-1
1415,3820017818.0,3,-1
1416,3820017787.0,3,-1
1417,3820017809.0,6,-1
1418,3820017820.0,8,-1
1419,3820017684.0,3,-1
1420,3820017729.0,12,-1
